MEDIA_ID,MEDIA_NAME,CNT,TIME(2022/01/27 09:39:32.995),TIMETICK(f=10000000),FPOGX,FPOGY,FPOGS,FPOGD,FPOGID,FPOGV,BPOGX,BPOGY,BPOGV,CX,CY,CS,USER,LPCX,LPCY,LPD,LPS,LPV,RPCX,RPCY,RPD,RPS,RPV,BKID,BKDUR,BKPMIN,LPMM,LPMMV,RPMM,RPMMV,DIAL,DIALV,GSR,GSRV,HR,HRV,HRP,TTL0,TTL1,TTLV,PIXS,PIXV,AOI,SACCADE_MAG,SACCADE_DIR,VID_FRAME,
0,test21,38,0.25476,2269078700237,0.37162,0.01126,0.00000,0.25476,1,1,0.35442,-0.01729,1,0.35833,0.10370,0,,0.16203,0.59358,16.10077,1.05920,1,0.41267,0.59148,12.82083,1.04983,1,0,0.00000,12,3.73411,1,2.62138,1,0.00000,0,0,0,0,0,0,1,1,0,0.00000,0,,0.00000,0.00000,0,
0,test21,120,0.80363,2269084188983,0.33778,0.01233,0.26094,0.54269,2,1,0.31900,0.09015,1,0.29792,0.62685,0,,0.16345,0.59346,17.33373,1.04603,1,0.41249,0.59031,13.28054,1.05540,1,0,0.00000,12,3.72436,1,3.00085,1,0.00000,0,0,0,0,0,0,1,1,0,0.00000,0,,64.98306,181.01897,0,
0,test21,151,1.01118,2269086264466,0.15708,0.84682,0.93141,0.07977,3,1,0.18329,0.89033,0,0.24167,0.74167,0,,0.15651,0.60840,15.14722,1.09266,1,0.40455,0.60377,11.56450,1.18531,1,0,0.00000,12,3.64087,1,2.78240,1,0.00000,0,0,0,0,0,0,1,1,0,0.00000,0,,965.72266,248.94534,0,
0,test21,401,2.68611,2269103013809,0.38994,0.23700,2.60553,0.08058,4,1,0.38664,0.34516,1,0.06250,0.97500,0,,0.15852,0.60643,16.59991,1.06251,1,0.40577,0.59881,12.97310,1.06251,1,0,0.00000,13,3.62222,1,2.81205,1,0.00000,0,0,0,0,0,0,1,1,0,0.00000,0,,796.02252,55.82957,0,
0,test21,434,2.90784,2269105231103,0.27185,0.18978,2.81317,0.09467,5,1,0.24876,0.18979,1,0.18438,0.60741,0,,0.15763,0.60200,17.43715,1.06251,1,0.40503,0.59557,13.35603,1.06251,1,0,0.00000,13,3.60589,1,3.09479,1,0.00000,0,0,0,0,0,0,1,1,0,0.00000,0,,232.39737,167.32378,0,
0,test21,450,3.01419,2269106294493,0.25986,0.10902,2.91411,0.10008,6,1,0.28522,0.00302,1,0.20937,0.52037,0,,0.15990,0.59596,16.53114,1.02501,1,0.40650,0.58904,12.83198,1.02501,1,0,0.00000,13,3.48121,1,2.62150,1,0.00000,0,0,0,0,0,0,1,1,0,0.00000,0,,90.20766,104.78528,0,
0,test21,494,3.30875,2269109240058,0.27237,-0.14827,3.06110,0.24765,7,1,0.32127,-0.05239,1,0.20937,0.51944,0,,0.16281,0.59542,16.14850,1.06251,1,0.40965,0.58857,12.86014,1.06251,1,0,0.00000,13,3.62623,1,2.85816,1,0.00000,0,0,0,0,0,0,1,1,0,0.00000,0,,278.90936,85.05966,0,
0,test21,515,3.44942,2269110646807,0.33446,-0.11218,3.31561,0.13380,8,1,0.48522,0.06479,1,0.20937,0.51944,0,,0.16935,0.59580,15.58437,1.06251,1,0.41553,0.58781,12.13186,1.06251,1,0,0.00000,13,3.33123,1,2.68719,1,0.00000,0,0,0,0,0,0,1,1,0,0.00000,0,,125.42291,341.89459,0,
0,test21,580,3.88498,2269115002395,0.56726,0.26267,3.47615,0.40883,9,1,0.58504,0.27209,1,0.25156,0.07315,0,,0.18923,0.59991,16.66772,1.13334,1,0.43622,0.59395,13.32931,1.13334,1,0,0.00000,13,3.64509,1,3.01901,1,0.00000,0,0,0,0,0,0,1,1,0,0.00000,0,,603.06006,317.83203,0,
0,test21,600,4.01920,2269116344614,0.60469,0.30667,3.89267,0.12653,10,1,0.62735,0.33027,1,0.26094,0.21389,0,,0.19354,0.60222,17.70205,1.06251,1,0.44029,0.59687,13.21042,1.06251,1,0,0.00000,13,3.80757,1,2.99753,1,0.00000,0,0,0,0,0,0,1,1,0,0.00000,0,,86.15575,326.52597,0,
0,test21,627,4.19989,2269118151531,0.63521,0.31802,4.02600,0.17389,11,1,0.65675,0.37163,1,0.24115,0.31667,0,,0.19625,0.60350,17.63798,1.06251,1,0.44337,0.59825,13.54492,1.06251,1,0,0.00000,13,3.79445,1,2.90118,1,0.00000,0,0,0,0,0,0,1,1,0,0.00000,0,,59.86664,348.18488,0,
0,test21,657,4.40224,2269120174991,0.35048,0.78657,4.24765,0.15459,12,1,0.36230,0.84071,1,0.24115,0.31667,0,,0.18368,0.61451,17.61155,1.06251,1,0.43093,0.60848,15.49003,1.06251,1,0,0.00000,13,3.77755,1,3.65678,1,0.00000,0,0,0,0,0,0,1,1,0,0.00000,0,,744.93701,222.78880,0,
0,test21,678,4.54149,2269121567485,0.36526,0.78744,4.40746,0.13403,13,1,0.34569,0.68393,1,0.24115,0.31667,0,,0.18454,0.61390,15.23836,1.06251,1,0.43129,0.60865,14.12533,1.06251,1,0,0.00000,13,3.55828,1,3.20398,1,0.00000,0,0,0,0,0,0,1,1,0,0.00000,0,,28.39318,358.10364,0,
0,test21,713,4.77744,2269123927065,0.31916,0.56829,4.56818,0.20926,14,1,0.31114,0.68157,1,0.24115,0.31667,0,,0.17700,0.61248,14.02626,1.18334,1,0.42368,0.60449,12.70811,1.19406,1,0,0.00000,13,3.44691,1,3.43547,1,0.00000,0,0,0,0,0,0,1,1,0,0.00000,0,,252.69099,110.50429,0,
0,test21,736,4.93100,2269125462631,0.33325,0.60150,4.78409,0.14691,15,1,0.39714,0.57052,1,0.24115,0.31667,0,,0.17786,0.61186,16.53241,1.06251,1,0.42335,0.60554,13.11235,1.06251,1,0,0.00000,13,3.69908,1,2.81619,1,0.00000,0,0,0,0,0,0,1,1,0,0.00000,0,,44.92526,307.02560,0,
0,test21,764,5.11739,2269127326484,0.38681,0.71002,4.95703,0.16035,16,1,0.38150,0.61557,1,0.24115,0.31667,0,,0.17340,0.60953,16.87907,1.13334,1,0.41932,0.60327,13.30782,1.13334,1,0,0.00000,13,3.68350,1,3.27205,1,0.00000,0,0,0,0,0,0,1,1,0,0.00000,0,,155.92084,311.26443,0,
0,test21,785,5.25893,2269128741869,0.39475,0.61984,5.12419,0.13474,17,1,0.37526,0.51066,1,0.24115,0.31667,0,,0.17159,0.60488,16.64371,1.13334,1,0.41742,0.59849,13.45031,1.13334,1,0,0.00000,13,3.54010,1,2.86423,1,0.00000,0,0,0,0,0,0,1,1,0,0.00000,0,,98.58023,81.10390,0,
0,test21,809,5.41905,2269130343185,0.29569,0.41278,5.30489,0.11417,18,1,0.31750,0.32079,1,0.24115,0.31667,0,,0.17097,0.60001,17.05530,1.06251,1,0.41684,0.59598,10.92521,1.06251,1,0,0.00000,13,3.43919,1,2.88084,1,0.00000,0,0,0,0,0,0,1,1,0,0.00000,0,,293.56818,130.38150,0,
0,test21,824,5.52054,2269131358072,0.28750,0.47106,5.42551,0.09503,19,1,0.38541,0.78461,1,0.24115,0.31667,0,,0.17041,0.60139,16.77578,1.10626,1,0.41599,0.59672,11.51317,1.11564,1,0,0.00000,13,3.51190,1,3.02464,1,0.00000,0,0,0,0,0,0,1,1,0,0.00000,0,,64.87694,255.97302,0,
0,test21,854,5.72029,2269133355529,0.27338,0.36948,5.56717,0.15312,20,1,0.27097,0.34625,1,0.24115,0.31667,0,,0.16859,0.60156,16.88167,1.13334,1,0.41472,0.59541,14.87929,1.13334,1,0,0.00000,13,3.50317,1,3.01786,1,0.00000,0,0,0,0,0,0,1,1,0,0.00000,0,,113.00647,103.88068,0,
0,test21,893,5.98346,2269135987314,0.28873,0.33672,5.72752,0.25594,21,1,0.28566,0.41163,1,0.24115,0.31667,0,,0.16855,0.60312,17.22157,1.13334,1,0.41467,0.59654,14.04207,1.13334,1,0,0.00000,13,3.56849,1,3.06421,1,0.00000,0,0,0,0,0,0,1,1,0,0.00000,0,,46.04778,50.20600,0,
0,test21,911,6.10204,2269137173041,0.29401,0.32320,5.98833,0.11371,22,1,0.29062,0.27867,1,0.09844,0.38981,0,,0.17244,0.60383,17.17942,1.06251,1,0.41868,0.59713,14.74894,1.06251,1,0,0.00000,13,3.56806,1,3.12595,1,0.00000,0,0,0,0,0,0,1,1,0,0.00000,0,,17.77577,55.22842,0,
0,test21,936,6.27036,2269138856223,0.30782,0.30874,6.11006,0.16029,23,1,0.29468,0.36735,1,0.09635,0.39167,0,,0.17229,0.60658,17.21592,1.12397,1,0.41852,0.60037,14.31355,1.13334,1,0,0.00000,13,3.53637,1,3.03970,1,0.00000,0,0,0,0,0,0,1,1,0,0.00000,0,,30.77240,30.49708,0,
0,test21,956,6.40392,2269140191834,0.34892,0.38481,6.27670,0.12721,24,1,0.34833,0.25585,1,0.09635,0.39167,0,,0.17326,0.60643,16.25673,1.08236,1,0.41989,0.59904,14.69179,1.10001,1,0,0.00000,13,3.71185,1,3.07612,1,0.00000,0,0,0,0,0,0,1,1,0,0.00000,0,,113.91508,313.84631,0,
0,test21,974,6.52441,2269141396774,0.34714,0.43757,6.41028,0.11414,25,1,0.34146,0.37494,1,0.09635,0.39167,0,,0.17093,0.60165,16.33592,1.08959,1,0.41727,0.59399,14.48321,1.08022,1,0,0.00000,13,3.70549,1,3.14752,1,0.00000,0,0,0,0,0,0,1,1,0,0.00000,0,,57.08320,266.56769,0,
0,test21,980,6.56499,2269141802490,0.29234,0.51595,6.53099,0.03400,26,1,0.21520,0.75125,1,0.09635,0.39167,0,,0.17018,0.60561,17.35027,1.10626,1,0.41434,0.59866,13.45473,1.11564,1,0,0.00000,13,3.59515,1,2.96101,1,0.00000,0,0,0,0,0,0,1,1,0,0.00000,0,,135.04111,218.81805,0,
0,test21,985,6.59917,2269142144340,0.28222,0.59488,6.57199,0.02718,27,1,0.29307,0.61333,0,0.09635,0.39167,0,,0.16914,0.60777,14.13627,1.13334,1,0.41349,0.60003,8.31721,1.13334,0,0,0.00000,13,3.36907,1,2.33463,0,0.00000,0,0,0,0,0,0,1,1,0,0.00000,0,,87.43081,257.15952,0,
0,test21,1022,6.84584,2269144611006,0.22397,0.46290,6.76535,0.08049,28,1,0.21724,0.67172,1,0.09635,0.39167,0,,0.16709,0.60599,16.77986,1.21395,1,0.41236,0.59893,13.22206,1.24641,1,0,0.00000,14,3.68948,1,2.86777,1,0.00000,0,0,0,0,0,0,1,1,0,0.00000,0,,181.17776,128.11884,0,
0,test21,1051,7.04086,2269146561298,0.16958,0.70512,6.87329,0.16757,29,1,0.17558,0.78328,1,0.09635,0.39167,0,,0.16466,0.60663,16.47472,1.21430,1,0.40959,0.60002,12.25732,1.21430,1,0,0.00000,14,3.65933,1,2.63715,1,0.00000,0,0,0,0,0,0,1,1,0,0.00000,0,,281.67123,248.23830,0,
0,test21,1068,7.15417,2269147694479,0.16211,0.76832,7.06679,0.08739,30,1,0.16824,0.78438,1,0.09635,0.39167,0,,0.16299,0.60785,16.31606,1.21430,1,0.40815,0.60058,13.26565,1.21430,1,0,0.00000,14,3.54336,1,2.75156,1,0.00000,0,0,0,0,0,0,1,1,0,0.00000,0,,69.74663,258.13327,0,
0,test21,1082,7.24821,2269148634849,0.18499,0.72074,7.16098,0.08723,31,1,0.19002,0.70368,1,0.09635,0.39167,0,,0.16143,0.60804,15.93996,1.21430,1,0.40650,0.60068,12.93139,1.21430,1,0,0.00000,14,3.73321,1,2.99096,1,0.00000,0,0,0,0,0,0,1,1,0,0.00000,0,,67.60455,49.47327,0,
0,test21,1099,7.36145,2269149767157,0.22123,0.65887,7.25441,0.10704,32,1,0.26316,0.53173,1,0.09635,0.39167,0,,0.16046,0.60697,15.98036,1.02299,1,0.40516,0.59980,12.55401,1.03126,1,0,0.00000,14,3.77736,1,3.51283,1,0.00000,0,0,0,0,0,0,1,1,0,0.00000,0,,96.46942,43.84033,0,
0,test21,1118,7.48871,2269151039722,0.27480,0.51197,7.36824,0.12047,33,1,0.33697,0.46587,1,0.09635,0.39167,0,,0.16279,0.60814,15.64785,1.00001,1,0.40800,0.59987,13.11803,1.00001,1,0,0.00000,14,3.70257,1,3.12232,1,0.00000,0,0,0,0,0,0,1,1,0,0.00000,0,,189.07535,57.04457,0,
0,test21,1139,7.63045,2269152457118,0.45592,0.43035,7.53778,0.09267,34,1,0.44297,0.35620,1,0.09635,0.39167,0,,0.16897,0.60844,16.05268,1.00001,1,0.41399,0.60148,13.42213,1.00001,1,0,0.00000,14,3.91986,1,2.91076,1,0.00000,0,0,0,0,0,0,1,1,0,0.00000,0,,358.74875,14.22403,0,
0,test21,1159,7.76379,2269153790590,0.49496,0.39316,7.63702,0.12677,35,1,0.52133,0.33871,1,0.09635,0.39167,0,,0.17846,0.60684,17.27781,0.70834,1,0.42427,0.59900,13.27916,0.70834,1,0,0.00000,14,3.60057,1,3.04952,1,0.00000,0,0,0,0,0,0,1,1,0,0.00000,0,,85.03984,28.18439,0,
0,test21,1172,7.85152,2269154667773,0.50539,0.56021,7.77045,0.08107,36,1,0.50858,0.67852,1,0.09635,0.39167,0,,0.18339,0.60957,17.99605,1.13334,1,0.42928,0.60128,14.67849,1.13334,1,0,0.00000,14,3.74616,1,3.09522,1,0.00000,0,0,0,0,0,0,1,1,0,0.00000,0,,181.52199,276.33377,0,
0,test21,1203,8.05890,2269156741624,0.49669,0.60134,7.85780,0.20110,37,1,0.50504,0.54952,1,0.09635,0.39167,0,,0.18987,0.62744,18.65557,1.00828,1,0.43748,0.61929,15.28899,1.00001,1,0,0.00000,14,3.84282,1,3.28966,1,0.00000,0,0,0,0,0,0,1,1,0,0.00000,0,,47.45728,249.39166,0,
0,test21,1236,8.28021,2269158954739,0.48798,0.56510,8.06651,0.21370,38,1,0.49608,0.60570,1,0.09635,0.39167,0,,0.19301,0.62495,18.06597,1.04689,1,0.44048,0.61782,14.75491,1.06251,1,0,0.00000,14,3.84808,1,3.30365,1,0.00000,0,0,0,0,0,0,1,1,0,0.00000,0,,42.56218,113.13583,0,
0,test21,1261,8.44676,2269160620223,0.48551,0.53045,8.28636,0.16040,39,1,0.47451,0.44662,1,0.09635,0.39167,0,,0.19488,0.62578,17.84102,1.00001,1,0.44200,0.61895,13.57547,1.00001,1,0,0.00000,14,3.70608,1,3.39629,1,0.00000,0,0,0,0,0,0,1,1,0,0.00000,0,,37.72136,97.22250,0,
0,test21,1280,8.57396,2269161892176,0.52221,0.51276,8.45471,0.11925,40,1,0.56427,0.59535,1,0.09635,0.39167,0,,0.19748,0.62477,17.04549,1.00001,1,0.44436,0.62009,7.40780,1.00001,1,0,0.00000,14,3.66147,1,2.31146,1,0.00000,0,0,0,0,0,0,1,1,0,0.00000,0,,73.00811,15.17015,0,
0,test21,1305,8.74135,2269163566095,0.58646,0.48880,8.58067,0.16068,41,1,0.59764,0.46182,1,0.09635,0.39167,0,,0.20315,0.62996,17.73301,1.00001,1,0.45089,0.62125,10.30949,1.00001,1,0,0.00000,14,3.69624,1,3.32543,1,0.00000,0,0,0,0,0,0,1,1,0,0.00000,0,,126.04481,11.84696,0,
0,test21,1321,8.84946,2269164647228,0.57815,0.58535,8.74915,0.10031,42,1,0.54867,0.59960,1,0.09635,0.39167,0,,0.22835,0.61691,16.76804,1.06251,1,0.47582,0.60585,8.48583,1.06251,1,0,0.00000,14,3.44281,1,2.92450,1,0.00000,0,0,0,0,0,0,1,1,0,0.00000,0,,105.48759,261.30051,0,
0,test21,1337,8.95682,2269165720856,0.57136,0.57392,8.85622,0.10060,43,1,0.60216,0.55902,1,0.09635,0.39167,0,,0.24296,0.61405,17.37270,1.06251,1,0.48968,0.60179,12.75846,1.06251,1,0,0.00000,14,3.51522,1,3.05242,1,0.00000,0,0,0,0,0,0,1,1,0,0.00000,0,,17.95383,136.56262,0,
0,test21,1358,9.09723,2269167124887,0.58070,0.49839,8.96242,0.13481,44,1,0.59219,0.44637,1,0.09635,0.39167,0,,0.24739,0.62496,16.60314,1.06251,1,0.49508,0.61419,11.37033,1.06251,1,0,0.00000,14,3.48385,1,3.08998,1,0.00000,0,0,0,0,0,0,1,1,0,0.00000,0,,83.52034,77.60143,0,
0,test21,1380,9.24387,2269168591389,0.58293,0.49210,9.10318,0.14069,45,1,0.58558,0.45969,1,0.09635,0.39167,0,,0.24744,0.61857,16.78975,1.06251,1,0.49534,0.60793,13.33934,1.06251,1,0,0.00000,14,3.41712,1,2.75522,1,0.00000,0,0,0,0,0,0,1,1,0,0.00000,0,,8.02996,57.77668,0,
0,test21,1411,9.45157,2269170668393,0.56461,0.41314,9.25046,0.20111,46,1,0.53777,0.31203,1,0.09635,0.39167,0,,0.25275,0.61920,16.63091,1.06251,1,0.50033,0.60891,13.48717,1.06251,1,0,0.00000,14,3.58497,1,3.00099,1,0.00000,0,0,0,0,0,0,1,1,0,0.00000,0,,92.24629,112.41486,0,
0,test21,1432,9.59322,2269172084798,0.54044,0.40046,9.45850,0.13472,47,1,0.44822,0.56488,1,0.09635,0.39167,0,,0.24660,0.61817,16.77430,1.13335,1,0.49267,0.60872,15.01166,1.13335,1,0,0.00000,14,3.72478,1,3.50955,1,0.00000,0,0,0,0,0,0,1,1,0,0.00000,0,,48.38479,163.55881,0,
0,test21,1462,9.79305,2269174083089,0.43508,0.51784,9.62004,0.17300,48,1,0.43524,0.53573,1,0.09635,0.39167,0,,0.23790,0.62401,16.59982,1.06251,1,0.48519,0.61335,15.38567,1.06251,1,0,0.00000,14,3.77856,1,3.25045,1,0.00000,0,0,0,0,0,0,1,1,0,0.00000,0,,238.73105,212.07425,0,
0,test21,1484,9.94151,2269175567786,0.43168,0.50190,9.79988,0.14163,49,1,0.42921,0.34564,1,0.09635,0.39167,0,,0.22902,0.61884,16.05346,1.06251,1,0.47616,0.60859,14.55431,1.06251,1,0,0.00000,14,3.66648,1,3.22758,1,0.00000,0,0,0,0,0,0,1,1,0,0.00000,0,,18.41137,110.76675,0,
0,test21,1507,10.09460,2269177098682,0.41784,0.38785,9.96811,0.12650,50,1,0.39150,0.35236,1,0.09635,0.39167,0,,0.21306,0.61464,15.87943,1.06251,1,0.46082,0.60582,13.24470,1.06251,1,0,0.00000,14,3.54646,1,3.06462,1,0.00000,0,0,0,0,0,0,1,1,0,0.00000,0,,126.00773,102.17404,0,
0,test21,1521,10.18901,2269178042798,0.43291,0.40186,10.10283,0.08618,51,1,0.47284,0.44422,0,0.09635,0.39167,0,,0.20463,0.62047,15.56144,1.17620,1,0.45298,0.61198,13.85400,1.17620,1,0,0.00000,14,3.47794,1,3.02782,1,0.00000,0,0,0,0,0,0,1,1,0,0.00000,0,,32.65180,332.39337,0,
0,test21,1540,10.31639,2269179316505,0.36748,0.42149,10.23535,0.08104,52,1,0.36566,0.47996,0,0.09635,0.39167,0,,0.20055,0.63533,15.16578,1.06251,1,0.44986,0.62747,13.81887,1.06251,1,0,0.00000,14,3.58236,1,3.15485,1,0.00000,0,0,0,0,0,0,1,1,0,0.00000,0,,127.40187,189.57892,0,
0,test21,1577,10.56339,2269181786444,0.63720,0.23556,10.44299,0.12039,53,1,0.61221,0.30128,1,0.09635,0.39167,0,,0.21506,0.62383,16.83199,1.06251,1,0.46367,0.61383,13.59561,1.06251,1,0,0.00000,14,3.55641,1,2.84669,1,0.00000,0,0,0,0,0,0,1,1,0,0.00000,0,,555.43115,21.19412,0,
0,test21,1593,10.67075,2269182860079,0.67397,0.20550,10.57013,0.10062,54,1,0.66714,0.17136,1,0.09635,0.39167,0,,0.23169,0.61633,16.86347,1.07189,1,0.48083,0.60442,12.71318,1.06251,1,0,0.00000,14,3.72873,1,2.90937,1,0.00000,0,0,0,0,0,0,1,1,0,0.00000,0,,77.70518,24.69542,0,
0,test21,1645,11.01968,2269186349491,0.66669,0.19789,10.67744,0.34224,55,1,0.57645,0.28763,1,0.09635,0.39167,0,,0.28373,0.62592,15.95588,1.16311,1,0.53044,0.61176,13.27111,1.17382,1,0,0.00000,14,3.40729,1,3.03508,1,0.00000,0,0,0,0,0,0,1,1,0,0.00000,0,,16.21482,149.54440,0,
0,test21,1688,11.30807,2269189233466,0.58384,0.22926,11.02728,0.28079,56,1,0.62111,0.25280,1,0.09635,0.39167,0,,0.27377,0.62041,17.04793,1.06251,1,0.52152,0.61078,11.59389,1.06251,1,0,0.00000,14,3.54703,1,2.84952,1,0.00000,0,0,0,0,0,0,1,1,0,0.00000,0,,162.63989,192.02336,0,
0,test21,1727,11.56914,2269191843972,0.57243,0.23423,11.31403,0.25511,57,1,0.55428,0.37741,1,0.09635,0.38148,0,,0.26169,0.62861,17.38698,1.06251,1,0.50898,0.61786,12.33648,1.06251,1,0,0.00000,14,3.47134,1,2.77406,1,0.00000,0,0,0,0,0,0,1,1,0,0.00000,0,,22.55510,193.76718,0,
0,test21,1763,11.81084,2269194260980,0.56068,0.36352,11.57646,0.23438,58,1,0.45845,0.29949,0,0.09635,0.38148,0,,0.25277,0.63305,9.55987,1.13335,0,0.49907,0.62140,10.11104,1.13335,0,0,0.00000,14,3.47572,0,2.46583,0,0.00000,0,0,0,0,0,0,1,1,0,0.00000,0,,141.44395,260.82217,0,
0,test21,1887,12.64127,2269202565285,0.57445,0.17840,12.39902,0.24225,59,1,0.55718,0.15483,1,0.09635,0.38148,0,,0.24308,0.63573,17.43196,1.07085,1,0.49262,0.62577,13.76521,1.07085,1,0,0.00000,15,3.53909,1,2.89360,1,0.00000,0,0,0,0,0,0,1,1,0,0.00000,0,,201.67014,82.46693,0,
0,test21,1926,12.90279,2269205180473,0.58158,0.17927,12.64761,0.25517,60,1,0.60838,0.21972,1,0.09635,0.38148,0,,0.24392,0.63563,16.96290,1.09585,1,0.49375,0.62599,13.32517,1.09585,1,0,0.00000,15,3.86321,1,2.94690,1,0.00000,0,0,0,0,0,0,1,1,0,0.00000,0,,13.72166,356.07355,0,
0,test21,1973,13.21626,2269208315289,0.62773,0.19545,12.90868,0.30759,61,1,0.59440,0.12509,1,0.09635,0.38148,0,,0.26326,0.63128,17.95345,1.04597,1,0.51173,0.61725,12.93009,1.03770,1,0,0.00000,15,3.61703,1,2.96637,1,0.00000,0,0,0,0,0,0,1,1,0,0.00000,0,,90.31466,348.84384,0,
0,test21,2005,13.43147,2269210467461,0.52512,0.51900,13.26393,0.16754,62,1,0.39966,0.79549,1,0.09635,0.38148,0,,0.25347,0.63683,18.20349,1.06251,1,0.50091,0.62540,15.41254,1.06251,1,0,0.00000,14,4.04269,1,3.38878,1,0.00000,0,0,0,0,0,0,1,1,0,0.00000,0,,401.14523,240.58566,0,
0,test21,2041,13.67294,2269212882045,0.36076,0.86114,13.45789,0.21506,63,1,0.25023,0.81788,1,0.09635,0.38148,0,,0.22321,0.63315,14.50352,1.13335,1,0.47104,0.62650,12.71011,1.13335,1,0,0.00000,14,4.26515,1,3.00894,1,0.00000,0,0,0,0,0,0,1,1,0,0.00000,0,,485.92566,229.50188,0,
0,test21,2061,13.80565,2269214209133,0.28350,0.78503,13.67917,0.12648,64,1,0.24941,0.68982,1,0.09635,0.38148,0,,0.20222,0.62561,16.65790,1.06251,1,0.45006,0.62229,12.24020,1.06251,1,0,0.00000,14,3.86904,1,2.84234,1,0.00000,0,0,0,0,0,0,1,1,0,0.00000,0,,169.59119,151.00797,0,
0,test21,2077,13.91283,2269215280906,0.26403,0.68484,13.81242,0.10040,65,1,0.27573,0.68914,1,0.09635,0.38148,0,,0.18963,0.62758,16.20010,1.06251,1,0.43737,0.62265,12.18385,1.06251,1,0,0.00000,14,3.89818,1,3.38973,1,0.00000,0,0,0,0,0,0,1,1,0,0.00000,0,,114.48058,109.05882,0,
0,test21,2091,14.00650,2269216217663,0.25858,0.55615,13.92101,0.08549,66,1,0.27506,0.51884,1,0.09635,0.38148,0,,0.18495,0.62657,15.99380,1.06251,1,0.43283,0.62047,11.98354,1.06251,1,0,0.00000,14,3.60636,1,3.32919,1,0.00000,0,0,0,0,0,0,1,1,0,0.00000,0,,139.37852,94.30561,0,
0,test21,2115,14.16731,2269217825780,0.24435,0.42982,14.01323,0.15408,67,1,0.27663,0.21135,1,0.09635,0.38148,0,,0.18096,0.62446,14.48054,1.14689,1,0.42905,0.61721,12.35400,1.06251,1,0,0.00000,14,3.50146,1,3.45182,1,0.00000,0,0,0,0,0,0,1,1,0,0.00000,0,,139.14514,101.32378,0,
0,test21,2132,14.28278,2269218980409,0.25927,0.38094,14.19585,0.08693,68,1,0.23252,0.54500,1,0.09635,0.38148,0,,0.17394,0.63165,16.72116,1.14287,1,0.42089,0.62598,13.11629,1.14287,1,0,0.00000,14,4.00972,1,3.10704,1,0.00000,0,0,0,0,0,0,1,1,0,0.00000,0,,60.06200,61.51377,0,
0,test21,2149,14.39813,2269220133944,0.27445,0.46169,14.30898,0.08916,69,1,0.28865,0.39102,1,0.09635,0.38148,0,,0.16876,0.64590,19.26744,1.06251,1,0.41643,0.64919,16.88186,1.06251,1,0,0.00000,13,3.98550,1,3.47674,1,0.00000,0,0,0,0,0,0,1,1,0,0.00000,0,,91.95136,288.47964,0,
0,test21,2164,14.49837,2269221136364,0.26243,0.30073,14.40448,0.09389,70,1,0.25843,0.18544,1,0.09635,0.38148,0,,0.13770,0.74906,19.50142,1.02483,1,0.38915,0.76398,16.57770,1.01656,1,0,0.00000,13,5.08185,1,4.45816,1,0.00000,0,0,0,0,0,0,1,1,0,0.00000,0,,175.36206,97.56231,0,
0,test21,2178,14.59770,2269222129687,0.26369,0.32838,14.50476,0.09294,71,1,0.27264,0.38334,1,0.09635,0.38148,0,,0.11920,0.85438,20.82777,0.97060,1,0.37601,0.86964,18.38855,0.97060,1,0,0.00000,13,4.33592,1,3.65994,1,0.00000,0,0,0,0,0,0,1,1,0,0.00000,0,,29.95983,274.63150,0,
0,test21,2393,16.03709,2269236523659,0.28146,0.40352,14.60654,1.43056,72,1,0.42878,0.38506,1,0.09635,0.38148,0,,0.12671,0.80327,17.22648,0.98040,1,0.38223,0.80981,15.66267,0.98040,1,0,0.00000,13,3.63334,1,3.32317,1,0.00000,0,0,0,0,0,0,1,1,0,0.00000,0,,88.03170,292.80334,0,
0,test21,2497,16.73393,2269243491918,0.34671,0.60540,16.66704,0.06689,73,1,0.32011,0.56257,0,0.09635,0.38148,0,,0.13100,0.78484,12.86618,1.00001,0,0.19089,0.58669,15.14085,1.00001,1,0,0.00000,13,3.73073,0,3.22184,1,0.00000,0,0,0,0,0,0,1,1,0,0.00000,0,,251.46043,299.88162,0,
0,test21,2511,16.82677,2269244420288,0.32714,0.56985,16.78065,0.04611,74,1,0.32769,0.53868,0,0.09635,0.38148,0,,0.13100,0.78484,12.86618,1.00001,0,0.19018,0.59514,14.96222,1.00001,1,0,0.00000,13,3.73073,0,3.20251,1,0.00000,0,0,0,0,0,0,1,1,0,0.00000,0,,53.72084,134.38184,0,
0,test21,2523,16.90767,2269245229294,0.34153,0.54469,16.87373,0.03394,75,1,0.31477,0.48172,0,0.09635,0.38148,0,,0.13100,0.78484,12.86618,1.00001,0,0.18969,0.59670,14.46118,1.00001,0,0,0.00000,13,3.73073,0,2.89775,0,0.00000,0,0,0,0,0,0,1,1,0,0.00000,0,,38.75195,44.52333,0,
0,test21,2700,18.09315,2269257084196,0.08754,0.28870,17.95917,0.13399,76,1,0.04941,0.09016,1,0.09635,0.38148,0,,0.13100,0.78484,12.86618,1.00001,0,0.15679,0.58698,12.99536,1.00001,1,0,0.00000,13,3.73073,0,3.57962,1,0.00000,0,0,0,0,0,0,1,1,0,0.00000,0,,560.57855,150.44983,0,
0,test21,2829,18.95764,2269265729106,0.06594,0.65526,18.92445,0.03319,77,1,0.09092,0.70935,0,0.09635,0.38148,0,,0.13100,0.78484,12.86618,1.00001,0,0.15598,0.59794,6.96467,1.00001,0,0,0.00000,12,3.73073,0,2.20887,0,0.00000,0,0,0,0,0,0,1,1,0,0.00000,0,,398.05115,264.01962,0,
0,test21,2858,19.15178,2269267670376,0.11863,0.21291,19.04428,0.10750,78,1,0.12462,0.14587,1,0.09635,0.38148,0,,0.13100,0.78484,12.86618,1.00001,0,0.15912,0.59258,12.97283,1.00001,1,0,0.00000,12,3.73073,0,3.10106,1,0.00000,0,0,0,0,0,0,1,1,0,0.00000,0,,488.33179,78.04379,0,
0,test21,2873,19.25243,2269268676850,0.13375,0.21081,19.15927,0.09315,79,1,0.16067,0.31914,1,0.09635,0.38148,0,,0.13100,0.78484,12.86618,1.00001,0,0.15926,0.59448,14.06291,1.00001,1,0,0.00000,12,3.73073,0,3.13807,1,0.00000,0,0,0,0,0,0,1,1,0,0.00000,0,,29.11889,4.46714,0,
0,test21,2894,19.39227,2269270075354,0.18124,0.31201,19.25986,0.13242,80,1,0.27548,0.32831,0,0.09635,0.38148,0,,0.13100,0.78484,12.86618,1.00001,0,0.16779,0.60125,11.10887,1.00001,1,0,0.00000,12,3.73073,0,2.68449,1,0.00000,0,0,0,0,0,0,1,1,0,0.00000,0,,142.33604,309.83673,0,
0,test21,3137,21.02075,2269286360241,0.28475,0.34250,20.94647,0.07428,81,1,0.22923,0.09438,0,0.09635,0.38148,0,,0.13100,0.78484,12.86618,1.00001,0,0.17891,0.59320,14.23921,1.00001,0,0,0.00000,13,3.73073,0,3.38655,0,0.00000,0,0,0,0,0,0,1,1,0,0.00000,0,,201.44879,350.59210,0,
0,test21,3177,21.28896,2269289042255,0.30565,0.42294,21.26779,0.02116,82,1,0.30818,0.56101,1,0.09635,0.38148,0,,0.13100,0.78484,12.86618,1.00001,0,0.18023,0.59793,13.81459,1.00001,1,0,0.00000,13,3.73073,0,3.35272,1,0.00000,0,0,0,0,0,0,1,1,0,0.00000,0,,95.69511,294.79242,0,
0,test21,3190,21.37527,2269289905404,0.29455,0.41597,21.29507,0.08020,83,1,0.26482,0.32479,1,0.09635,0.38148,0,,0.13100,0.78484,12.86618,1.00001,0,0.18180,0.59845,14.33347,1.00001,1,0,0.00000,13,3.73073,0,3.34927,1,0.00000,0,0,0,0,0,0,1,1,0,0.00000,0,,22.60235,160.54634,0,
0,test21,3244,21.73758,2269293528415,0.12486,0.75353,21.64336,0.09422,84,1,0.13923,0.74577,1,0.09635,0.38148,0,,0.13100,0.78484,12.86618,1.00001,0,0.17191,0.59832,7.57333,1.00001,1,0,0.00000,13,3.73073,0,2.07587,1,0.00000,0,0,0,0,0,0,1,1,0,0.00000,0,,488.93384,228.21344,0,
0,test21,3254,21.80370,2269294189604,0.10852,0.66871,21.74359,0.06010,85,1,0.10862,0.65330,0,0.09635,0.38148,0,,0.13100,0.78484,12.86618,1.00001,0,0.16885,0.60085,5.84500,1.00001,1,0,0.00000,13,3.73073,0,2.14103,1,0.00000,0,0,0,0,0,0,1,1,0,0.00000,0,,96.82896,108.90514,0,
0,test21,3359,22.50800,2269301232591,0.21494,0.55289,22.29303,0.21497,86,1,0.23334,0.46408,1,0.09635,0.38148,0,,0.13100,0.78484,12.86618,1.00001,0,0.16667,0.59921,14.29963,1.00001,1,0,0.00000,13,3.73073,0,3.69165,1,0.00000,0,0,0,0,0,0,1,1,0,0.00000,0,,239.57394,31.47435,0,
0,test21,3405,22.81516,2269304304260,0.19953,0.25718,22.73500,0.08015,87,1,0.22467,0.41813,1,0.09635,0.38148,0,,0.13100,0.78484,12.86618,1.00001,0,0.17083,0.59795,14.37417,1.00001,1,0,0.00000,13,3.73073,0,3.35795,1,0.00000,0,0,0,0,0,0,1,1,0,0.00000,0,,320.73441,95.29296,0,
0,test21,3422,22.92958,2269305448438,0.24294,0.35636,22.84244,0.08714,88,1,0.22416,0.35545,0,0.09635,0.38148,0,,0.13100,0.78484,12.86618,1.00001,0,0.17357,0.60507,12.02498,1.00001,1,0,0.00000,13,3.73073,0,2.65808,1,0.00000,0,0,0,0,0,0,1,1,0,0.00000,0,,135.72121,307.88699,0,
0,test21,3637,24.36963,2269319848967,0.28719,0.35448,24.22343,0.14619,89,1,0.47893,0.51523,1,0.09635,0.38148,0,,0.17051,0.59312,15.39730,1.00001,1,0.40925,0.58660,6.31272,1.00001,0,0,0.00000,12,3.68267,1,2.09591,0,0.00000,0,0,0,0,0,0,1,1,0,0.00000,0,,84.98425,1.36899,0,
0,test21,3660,24.52431,2269321395718,0.47583,0.39014,24.41716,0.10715,90,1,0.47723,0.46635,1,0.09635,0.38148,0,,0.17082,0.59432,15.97841,1.00001,1,0.40925,0.58660,6.31272,1.00001,0,0,0.00000,12,3.73336,1,2.09591,0,0.00000,0,0,0,0,0,0,1,1,0,0.00000,0,,364.23062,353.93036,0,
0,test21,3676,24.63193,2269322471918,0.45524,0.46600,24.53036,0.10156,91,1,0.43884,0.51237,1,0.09635,0.38148,0,,0.17190,0.59597,16.01015,1.00001,1,0.40925,0.58660,6.31272,1.00001,0,0,0.00000,12,3.87214,1,2.09591,0,0.00000,0,0,0,0,0,0,1,1,0,0.00000,0,,90.96796,244.24149,0,
0,test21,3719,24.91861,2269325338751,0.45278,0.49931,24.63893,0.27968,92,1,0.35525,0.49675,0,0.09635,0.38148,0,,0.17123,0.59511,15.63514,1.00001,0,0.40925,0.58660,6.31272,1.00001,0,0,0.00000,12,3.86855,0,2.09591,0,0.00000,0,0,0,0,0,0,1,1,0,0.00000,0,,36.28349,262.52039,0,
0,test21,3749,25.12180,2269327370656,0.30803,0.46652,24.96877,0.15303,93,1,0.29895,0.43208,1,0.09635,0.38148,0,,0.16989,0.59470,16.04024,1.05424,1,0.41165,0.58556,9.66700,1.06251,1,0,0.00000,13,3.72719,1,2.82612,1,0.00000,0,0,0,0,0,0,1,1,0,0.00000,0,,280.16718,172.73839,0,
0,test21,3803,25.48145,2269330967156,0.25862,0.21497,25.14673,0.33472,94,1,0.26640,0.23543,1,0.09635,0.38148,0,,0.16807,0.59500,16.45787,1.13335,1,0.40951,0.58757,10.31869,1.13335,1,0,0.00000,13,3.91301,1,2.35199,1,0.00000,0,0,0,0,0,0,1,1,0,0.00000,0,,287.76129,109.24895,0,
0,test21,3845,25.76364,2269333789046,0.23824,0.26430,25.48793,0.27571,95,1,0.27896,0.48224,1,0.09635,0.38148,0,,0.17214,0.59800,16.94363,1.13335,1,0.41300,0.58899,11.42722,1.13335,1,0,0.00000,13,3.99296,1,2.93369,1,0.00000,0,0,0,0,0,0,1,1,0,0.00000,0,,66.10220,233.70409,0,
0,test21,3881,26.00735,2269336226244,0.32973,0.47727,25.79195,0.21541,96,1,0.33336,0.49953,1,0.09635,0.38148,0,,0.17434,0.59810,16.94586,1.06251,1,0.41611,0.58940,12.57627,1.06251,1,0,0.00000,13,3.73976,1,3.04542,1,0.00000,0,0,0,0,0,0,1,1,0,0.00000,0,,289.41357,307.36960,0,
0,test21,3901,26.13882,2269337540916,0.36117,0.39869,26.01480,0.12402,97,1,0.29554,0.30652,1,0.09635,0.38148,0,,0.17331,0.59172,16.66229,1.06251,1,0.41422,0.58474,9.77334,1.06251,1,0,0.00000,12,3.70479,1,2.39038,1,0.00000,0,0,0,0,0,0,1,1,0,0.00000,0,,104.14519,54.57607,0,
0,test21,3923,26.28539,2269339006464,0.30503,0.42326,26.14447,0.14091,98,1,0.32893,0.37551,1,0.09635,0.38148,0,,0.17318,0.59834,17.37505,1.05424,1,0.41477,0.59149,11.02211,1.06251,1,0,0.00000,12,4.01648,1,2.46484,1,0.00000,0,0,0,0,0,0,1,1,0,0.00000,0,,111.00706,193.83014,0,
0,test21,3952,26.47957,2269340948299,0.30075,0.40543,26.29303,0.18654,99,1,0.28751,0.34374,1,0.09635,0.38148,0,,0.17395,0.59792,16.98172,1.13335,1,0.41540,0.59240,7.89595,1.13335,1,0,0.00000,12,3.90068,1,2.24832,1,0.00000,0,0,0,0,0,0,1,1,0,0.00000,0,,20.93653,113.11016,0,
0,test21,3968,26.58673,2269342020036,0.25960,0.34775,26.48628,0.10045,100,1,0.24938,0.24013,1,0.09635,0.38148,0,,0.17206,0.59841,16.97453,1.06251,1,0.41345,0.59107,12.87612,1.06251,1,0,0.00000,12,4.08147,1,2.90702,1,0.00000,0,0,0,0,0,0,1,1,0,0.00000,0,,100.61237,141.74574,0,
0,test21,3991,26.74069,2269343559602,0.24549,0.28706,26.59352,0.14717,101,1,0.25768,0.21681,1,0.09635,0.38148,0,,0.17169,0.60197,17.14440,1.06251,1,0.41342,0.59494,13.02193,1.06251,1,0,0.00000,12,4.14427,1,2.79810,1,0.00000,0,0,0,0,0,0,1,1,0,0.00000,0,,70.92329,112.45636,0,
0,test21,4010,26.86877,2269344840467,0.23730,0.32142,26.74823,0.12054,102,1,0.22796,0.41095,1,0.09635,0.38148,0,,0.17146,0.60288,16.93915,1.12397,1,0.41345,0.59562,13.13451,1.13335,1,0,0.00000,12,3.86534,1,3.07058,1,0.00000,0,0,0,0,0,0,1,1,0,0.00000,0,,40.30303,247.03529,0,
0,test21,4045,27.10368,2269347189567,0.21558,0.32792,26.87512,0.22856,103,1,0.17242,0.27239,1,0.09635,0.38148,0,,0.17226,0.60270,16.53514,1.10626,1,0.41481,0.59577,12.04735,1.11564,1,0,0.00000,12,3.73058,1,2.71309,1,0.00000,0,0,0,0,0,0,1,1,0,0.00000,0,,42.28912,189.55531,0,
0,test21,4116,27.57797,2269351932323,0.29825,0.32891,27.43196,0.14601,104,1,0.19145,0.29637,1,0.09635,0.38148,0,,0.16581,0.60630,14.88432,1.13335,1,0.40782,0.59983,10.78957,1.13335,1,0,0.00000,13,4.16319,1,2.42044,1,0.00000,0,0,0,0,0,0,1,1,0,0.00000,0,,158.72995,359.61407,0,
0,test21,4140,27.73940,2269353546680,0.22422,0.31549,27.58478,0.15462,105,1,0.19407,0.27177,1,0.09635,0.38148,0,,0.16624,0.60847,15.19139,1.13335,1,0.40838,0.60245,10.90103,1.13335,1,0,0.00000,13,4.33486,1,2.43422,1,0.00000,0,0,0,0,0,0,1,1,0,0.00000,0,,142.87460,174.17775,0,
0,test21,4168,27.92661,2269355418662,0.21200,0.23298,27.74623,0.18037,106,1,0.20862,0.09802,1,0.09635,0.38148,0,,0.16385,0.60951,15.23393,1.08751,1,0.40681,0.60197,10.46579,1.08751,1,0,0.00000,13,4.09877,1,3.22229,1,0.00000,0,0,0,0,0,0,1,1,0,0.00000,0,,92.14783,104.75087,0,
0,test21,4193,28.09456,2269357098169,0.23516,0.24600,27.93309,0.16147,107,1,0.28419,0.29397,1,0.09635,0.38148,0,,0.16182,0.60883,17.01327,1.06251,1,0.40470,0.60061,11.79278,1.06251,1,0,0.00000,13,3.87433,1,3.04341,1,0.00000,0,0,0,0,0,0,1,1,0,0.00000,0,,46.63754,342.45178,0,
0,test21,4207,28.18765,2269358029196,0.32365,0.38975,28.10065,0.08701,108,1,0.36376,0.48763,1,0.09635,0.38148,0,,0.16420,0.60829,16.60191,1.16430,1,0.40703,0.60107,12.35470,1.15358,1,0,0.00000,13,3.86541,1,2.76061,1,0.00000,0,0,0,0,0,0,1,1,0,0.00000,0,,230.14963,317.57993,0,
0,test21,4229,28.33517,2269359504403,0.34174,0.37888,28.19556,0.13962,109,1,0.31996,0.28478,1,0.09635,0.38148,0,,0.16864,0.60777,16.09058,1.10001,1,0.41168,0.59949,13.11920,1.10001,1,0,0.00000,13,3.80155,1,2.80001,1,0.00000,0,0,0,0,0,0,1,1,0,0.00000,0,,36.66312,18.67512,0,
0,test21,4250,28.47572,2269360909941,0.33682,0.31848,28.34167,0.13405,110,1,0.28157,0.64461,1,0.09635,0.38148,0,,0.16745,0.60896,16.32199,1.06251,1,0.40903,0.60275,11.53574,1.06251,1,0,0.00000,13,4.32494,1,2.65391,1,0.00000,0,0,0,0,0,0,1,1,0,0.00000,0,,65.91242,98.23987,0,
0,test21,4281,28.68445,2269362997070,0.33011,0.51097,28.50253,0.18192,111,1,0.35372,0.47441,1,0.09635,0.38148,0,,0.16577,0.61183,16.44170,1.02299,1,0.40877,0.60405,13.55227,1.03126,1,0,0.00000,13,4.34588,1,3.13186,1,0.00000,0,0,0,0,0,0,1,1,0,0.00000,0,,208.28799,266.45383,0,
0,test21,4307,28.85747,2269364727304,0.31357,0.50240,28.69003,0.16743,112,1,0.32001,0.49083,1,0.09635,0.38148,0,,0.16554,0.61252,16.04888,1.08037,1,0.40846,0.60635,12.26900,1.10046,1,0,0.00000,13,4.20764,1,2.89231,1,0.00000,0,0,0,0,0,0,1,1,0,0.00000,0,,33.07814,163.75108,0,
0,test21,4330,29.01140,2269366266640,0.26645,0.54501,28.86409,0.14731,113,1,0.14829,0.94150,1,0.09635,0.38148,0,,0.16250,0.61558,16.50940,1.28126,1,0.40477,0.60902,12.34722,1.32814,1,0,0.00000,13,4.07614,1,2.68140,1,0.00000,0,0,0,0,0,0,1,1,0,0.00000,0,,101.50184,206.96068,0,
0,test21,4346,29.11874,2269367340069,0.22725,0.78188,29.03818,0.08057,114,1,0.38812,0.34131,1,0.09635,0.38148,0,,0.16322,0.61669,16.67713,0.94446,1,0.40621,0.60988,12.36341,0.94446,1,0,0.00000,13,3.94760,1,2.74167,1,0.00000,0,0,0,0,0,0,1,1,0,0.00000,0,,266.66150,253.60574,0,
0,test21,4449,29.80875,2269374240142,0.39018,0.16942,29.77008,0.03867,115,1,0.35142,0.10033,0,0.09635,0.38148,0,,0.16349,0.61943,14.44213,0.73914,1,0.40632,0.61197,10.45048,0.73914,1,0,0.00000,13,3.64128,1,2.25594,1,0.00000,0,0,0,0,0,0,1,1,0,0.00000,0,,731.70001,64.68893,0,
0,test21,4466,29.92296,2269375382288,0.27661,0.20612,29.83551,0.08745,116,1,0.18819,0.22770,1,0.09635,0.38148,0,,0.16327,0.61668,16.11019,1.12501,1,0.40655,0.60929,11.67103,1.10737,1,0,0.00000,13,4.39082,1,3.05854,1,0.00000,0,0,0,0,0,0,1,1,0,0.00000,0,,221.62746,190.30225,0,
0,test21,4490,30.08522,2269377004875,0.27348,0.27902,29.92992,0.15530,117,1,0.30958,0.27780,1,0.09635,0.38148,0,,0.16429,0.61770,16.90887,1.13335,1,0.40646,0.61108,12.07021,1.13335,1,0,0.00000,13,4.18676,1,3.08980,1,0.00000,0,0,0,0,0,0,1,1,0,0.00000,0,,78.96104,265.63510,0,
0,test21,4534,30.37804,2269379933088,0.30908,0.26944,30.13028,0.24776,118,1,0.29207,0.16685,1,0.09635,0.38148,0,,0.16512,0.61707,17.24383,1.13335,1,0.40839,0.60987,13.58403,1.13335,1,0,0.00000,13,3.97327,1,2.81312,1,0.00000,0,0,0,0,0,0,1,1,0,0.00000,0,,69.13062,8.60749,0,
0,test21,4555,30.51965,2269381349161,0.30474,0.31535,30.38469,0.13496,119,1,0.29710,0.44955,1,0.09635,0.38148,0,,0.16301,0.61619,16.98926,1.13335,1,0.40581,0.60953,11.48218,1.13335,1,0,0.00000,13,4.07059,1,3.15966,1,0.00000,0,0,0,0,0,0,1,1,0,0.00000,0,,50.27811,260.46014,0,
0,test21,4589,30.74814,2269383633981,0.26695,0.32190,30.52634,0.22180,120,1,0.26889,0.25941,1,0.09635,0.38148,0,,0.16197,0.61809,16.18669,1.12501,1,0.40522,0.60973,12.30837,1.11564,1,0,0.00000,13,3.91438,1,3.22606,1,0.00000,0,0,0,0,0,0,1,1,0,0.00000,0,,72.90085,185.56851,0,
0,test21,4615,30.92076,2269385360238,0.25308,0.27905,30.75436,0.16640,121,1,0.27407,0.30604,1,0.09635,0.38148,0,,0.16082,0.61783,16.22937,1.13335,1,0.40386,0.60977,12.57040,1.13335,1,0,0.00000,13,3.94979,1,3.11916,1,0.00000,0,0,0,0,0,0,1,1,0,0.00000,0,,53.39318,119.91798,0,
0,test21,4636,31.06215,2269386774143,0.28547,0.21390,30.92871,0.13344,122,1,0.26508,0.26572,1,0.09635,0.38148,0,,0.16223,0.61576,16.38061,1.21430,1,0.40502,0.60873,12.24828,1.21430,1,0,0.00000,13,3.88286,1,2.65618,1,0.00000,0,0,0,0,0,0,1,1,0,0.00000,0,,93.90557,48.52845,0,
0,test21,4651,31.16280,2269387780574,0.32319,0.28078,31.06888,0.09392,123,1,0.30905,0.36798,1,0.09635,0.38148,0,,0.16521,0.61592,16.06943,1.21430,1,0.40775,0.60901,10.62547,1.21430,1,0,0.00000,13,3.91838,1,2.90076,1,0.00000,0,0,0,0,0,0,1,1,0,0.00000,0,,102.28504,315.07602,0,
0,test21,4692,31.43657,2269390518314,0.35312,0.22735,31.28996,0.14661,124,1,0.35536,0.28747,1,0.09635,0.38148,0,,0.16651,0.61431,16.58714,1.13335,1,0.40926,0.60738,12.31211,1.13335,1,0,0.00000,12,3.70126,1,2.81950,1,0.00000,0,0,0,0,0,0,1,1,0,0.00000,0,,81.43770,45.11879,0,
0,test21,4707,31.53708,2269391523390,0.29197,0.22459,31.44308,0.09399,125,1,0.25026,0.22966,1,0.09635,0.38148,0,,0.16410,0.61605,16.53284,1.06251,1,0.40702,0.60855,12.45297,1.06251,1,0,0.00000,12,3.96991,1,3.21352,1,0.00000,0,0,0,0,0,0,1,1,0,0.00000,0,,117.44585,178.54565,0,
0,test21,4724,31.65111,2269392663760,0.23833,0.35880,31.54366,0.10745,126,1,0.27529,0.62780,1,0.09635,0.38148,0,,0.16457,0.62006,17.44209,1.06251,1,0.40674,0.61337,12.70918,1.06251,1,0,0.00000,12,4.17698,1,3.42153,1,0.00000,0,0,0,0,0,0,1,1,0,0.00000,0,,177.80962,234.60513,0,
0,test21,4743,31.77821,2269393934726,0.28915,0.60896,31.67757,0.10065,127,1,0.37831,0.15855,1,0.09635,0.38148,0,,0.16389,0.62081,16.99907,0.53126,1,0.40696,0.61305,13.29098,0.53126,1,0,0.00000,12,3.95957,1,3.62187,1,0.00000,0,0,0,0,0,0,1,1,0,0.00000,0,,287.25262,289.85745,0,
0,test21,4764,31.91841,2269395336789,0.42449,0.16583,31.80492,0.11349,128,1,0.51586,0.16067,1,0.09635,0.38148,0,,0.16775,0.61942,16.69695,0.53126,1,0.41040,0.61294,12.52883,0.53126,1,0,0.00000,12,3.94038,1,3.05588,1,0.00000,0,0,0,0,0,0,1,1,0,0.00000,0,,544.57568,61.49954,0,
0,test21,4784,32.05290,2269396681678,0.48720,0.13501,31.92549,0.12741,129,1,0.50095,-0.01209,0,0.09635,0.38148,0,,0.16823,0.62226,6.34159,0.53126,1,0.41249,0.61289,10.38873,0.53126,0,0,0.00000,11,1.95278,1,2.87490,0,0.00000,0,0,0,0,0,0,1,1,0,0.00000,0,,124.91942,15.45352,0,
0,test21,4876,32.66885,2269402841201,0.34061,-0.01221,32.58334,0.08551,130,1,0.35924,0.25451,1,0.09635,0.38148,0,,0.16823,0.62226,6.34159,0.90314,0,0.16959,0.62004,13.22139,0.98283,1,0,0.00000,12,1.95278,0,3.44484,1,0.00000,0,0,0,0,0,0,1,1,0,0.00000,0,,323.25830,150.53714,0,
0,test21,4900,32.83147,2269404467385,0.37414,0.29859,32.69604,0.13542,131,1,0.51751,0.29023,1,0.09635,0.38148,0,,0.16990,0.61910,13.16251,1.06251,1,0.17000,0.61904,13.24246,1.06251,0,0,0.00000,12,3.81565,1,3.54212,0,0.00000,0,0,0,0,0,0,1,1,0,0.00000,0,,341.78180,280.85703,0,
0,test21,4918,32.95174,2269405670069,0.46765,0.48228,32.87651,0.07523,132,1,0.25831,1.44949,1,0.09635,0.38148,0,,0.16953,0.61959,14.35745,3.03126,1,0.41238,0.61280,11.02408,3.45314,1,0,0.00000,12,3.64512,1,2.42291,1,0.00000,0,0,0,0,0,0,1,1,0,0.00000,0,,267.56494,312.14520,0,
0,test21,5047,33.81462,2269414298904,0.16825,0.17774,33.72121,0.09341,133,1,0.20114,0.14073,1,0.09635,0.38148,0,,0.15275,0.61665,15.98045,1.21430,1,0.39552,0.60913,11.88647,1.21430,1,0,0.00000,12,4.03985,1,2.92684,1,0.00000,0,0,0,0,0,0,1,1,0,0.00000,0,,662.28961,150.22368,0,
0,test21,5066,33.94240,2269415576668,0.20192,0.10650,33.82120,0.12120,134,1,0.22658,0.02897,1,0.09635,0.38148,0,,0.15333,0.61474,15.74098,1.21430,1,0.39640,0.60663,12.55507,1.21430,1,0,0.00000,12,3.85416,1,2.89661,1,0.00000,0,0,0,0,0,0,1,1,0,0.00000,0,,100.49279,49.96210,0,
0,test21,5082,34.04996,2269416652213,0.30020,0.50212,33.96861,0.08134,135,1,0.28197,0.68564,1,0.09635,0.38148,0,,0.15745,0.62023,17.32000,1.11668,1,0.40036,0.61333,13.35262,1.11668,1,0,0.00000,12,4.16680,1,3.07632,1,0.00000,0,0,0,0,0,0,1,1,0,0.00000,0,,467.08252,293.82797,0,
0,test21,5096,34.14375,2269417590114,0.30942,0.49842,34.05603,0.08772,136,1,0.30477,0.43026,1,0.09635,0.38148,0,,0.15843,0.62038,17.23582,1.10835,1,0.40152,0.61299,14.24593,1.10835,1,0,0.00000,11,4.08684,1,3.09450,1,0.00000,0,0,0,0,0,0,1,1,0,0.00000,0,,18.14781,12.72041,0,
0,test21,5127,34.35207,2269419673305,0.30498,0.41010,34.14966,0.20241,137,1,0.31103,0.39943,1,0.09635,0.38148,0,,0.15869,0.62094,17.29017,1.09927,1,0.40192,0.61349,14.79130,1.11936,1,0,0.00000,11,4.14567,1,3.06401,1,0.00000,0,0,0,0,0,0,1,1,0,0.00000,0,,95.76574,95.10703,0,
0,test21,5144,34.46478,2269420800497,0.32069,0.34646,34.35902,0.10576,138,1,0.44727,0.23854,1,0.09635,0.38148,0,,0.15734,0.62079,17.34548,1.11570,1,0.40024,0.61337,12.96575,1.13335,1,0,0.00000,11,3.91959,1,3.10684,1,0.00000,0,0,0,0,0,0,1,1,0,0.00000,0,,75.05860,66.30541,0,
0,test21,5164,34.59851,2269422137821,0.36523,0.46770,34.51140,0.08711,139,1,0.36895,0.65006,1,0.09635,0.38148,0,,0.15766,0.62035,16.09662,1.88890,1,0.39988,0.61203,12.20529,1.88890,1,0,0.00000,11,3.66200,1,2.78001,1,0.00000,0,0,0,0,0,0,1,1,0,0.00000,0,,156.39114,303.14868,0,
0,test21,5186,34.74550,2269423607701,0.21949,2.31286,34.66577,0.07973,140,1,0.13251,1.76813,1,0.09635,0.38148,0,,0.15969,0.62025,16.24168,3.87502,1,0.40204,0.61240,12.11049,3.45314,1,0,0.00000,11,3.84270,1,2.59633,1,0.00000,0,0,0,0,0,0,1,1,0,0.00000,0,,2012.32300,262.00690,0,
0,test21,5215,34.93977,2269425550426,0.47478,0.22748,34.79242,0.14735,141,1,0.43164,0.41217,1,0.09635,0.38148,0,,0.16019,0.61929,16.87920,1.06252,1,0.40221,0.61310,8.20933,1.06252,1,0,0.00000,11,3.75615,1,2.58619,1,0.00000,0,0,0,0,0,0,1,1,0,0.00000,0,,2304.93066,77.72197,0,
0,test21,5234,35.06723,2269426824933,0.31900,0.53781,34.96675,0.10048,142,1,0.28207,0.49317,1,0.09635,0.38148,0,,0.15865,0.62231,18.21586,1.06252,1,0.40130,0.61490,15.18773,1.06252,1,0,0.00000,11,4.27030,1,3.26242,1,0.00000,0,0,0,0,0,0,1,1,0,0.00000,0,,449.20953,228.25391,0,
0,test21,5255,35.20789,2269428231468,0.29523,0.47665,35.07379,0.13409,143,1,0.29871,0.43519,1,0.09635,0.38148,0,,0.15889,0.62041,18.55808,1.13335,1,0.40160,0.61270,14.80996,1.13335,1,0,0.00000,11,3.85237,1,3.26986,1,0.00000,0,0,0,0,0,0,1,1,0,0.00000,0,,80.28600,124.64203,0,
0,test21,5272,35.32158,2269429368376,0.30544,0.42577,35.21432,0.10725,144,1,0.28411,0.54637,1,0.09635,0.38148,0,,0.16034,0.62294,18.01104,1.06252,1,0.40288,0.61493,14.96705,1.06252,1,0,0.00000,11,3.96309,1,3.10854,1,0.00000,0,0,0,0,0,0,1,1,0,0.00000,0,,58.34235,70.36646,0,
0,test21,5287,35.42313,2269430383865,0.30882,0.57501,35.32845,0.09468,145,1,0.21550,0.86949,1,0.09635,0.38148,0,,0.15967,0.62345,17.91852,1.21430,1,0.40231,0.61614,13.46510,1.21430,1,0,0.00000,11,4.06218,1,3.14334,1,0.00000,0,0,0,0,0,0,1,1,0,0.00000,0,,161.30980,272.30566,0,
0,test21,5318,35.62987,2269432451376,0.24642,0.72342,35.42955,0.20032,146,1,0.22465,0.83539,1,0.09635,0.38148,0,,0.15848,0.62539,18.12291,1.21430,1,0.40073,0.61840,12.61862,1.21430,1,0,0.00000,11,4.07463,1,3.19783,1,0.00000,0,0,0,0,0,0,1,1,0,0.00000,0,,200.11136,233.22266,0,
0,test21,5343,35.79832,2269434135837,0.27135,0.70284,35.63794,0.16039,147,1,0.38854,0.47747,1,0.09635,0.38148,0,,0.16101,0.62526,17.38873,1.21430,1,0.40306,0.61850,11.10991,1.21430,1,0,0.00000,11,3.92660,1,3.00255,1,0.00000,0,0,0,0,0,0,1,1,0,0.00000,0,,52.77436,24.90791,0,
0,test21,5366,35.95183,2269435670994,0.52715,0.59170,35.82393,0.12790,148,1,0.48899,0.65882,1,0.09635,0.38148,0,,0.16358,0.62635,17.16767,1.21430,1,0.40547,0.62005,9.18357,1.21430,1,0,0.00000,11,3.57358,1,2.35044,1,0.00000,0,0,0,0,0,0,1,1,0,0.00000,0,,505.59070,13.73359,0,
0,test21,5380,36.04517,2269436604263,0.52812,0.48745,35.95836,0.08681,149,1,0.50774,0.30753,1,0.09635,0.38148,0,,0.16266,0.62469,16.71740,1.16430,1,0.40546,0.62016,8.04236,1.15359,0,0,0.00000,11,3.42057,1,2.13424,0,0.00000,0,0,0,0,0,0,1,1,0,0.00000,0,,112.60543,89.05232,0,
0,test21,5412,36.25954,2269438747974,0.30592,0.68431,36.13239,0.12715,150,1,0.36046,0.52300,1,0.09635,0.38148,0,,0.16166,0.62823,17.40488,0.94446,1,0.40399,0.62137,12.65985,0.94446,1,0,0.00000,11,3.94988,1,3.11956,1,0.00000,0,0,0,0,0,0,1,1,0,0.00000,0,,476.66605,206.48946,0,
0,test21,5430,36.38017,2269439954354,0.34830,0.40113,36.28638,0.09380,151,1,0.35169,0.46344,1,0.09635,0.38148,0,,0.15956,0.62824,16.90861,0.94446,1,0.40202,0.62090,12.11194,0.94446,1,0,0.00000,11,4.08991,1,3.03692,1,0.00000,0,0,0,0,0,0,1,1,0,0.00000,0,,316.47385,75.10116,0,
0,test21,5456,36.55415,2269441694221,0.33181,0.46910,36.38744,0.16672,152,1,0.34840,0.38395,0,0.09635,0.38148,0,,0.15641,0.62892,16.04886,0.94446,1,0.39886,0.62251,11.10841,0.94446,1,0,0.00000,11,3.69071,1,2.73798,1,0.00000,0,0,0,0,0,0,1,1,0,0.00000,0,,79.94425,246.66937,0,
0,test21,5508,36.90405,2269445193217,-0.00823,0.72493,36.88255,0.02150,153,1,0.03224,0.67620,1,0.09635,0.38148,0,,0.15568,0.62624,16.32224,1.52144,1,0.39781,0.61988,10.48150,1.45716,1,0,0.00000,11,3.88905,1,2.65608,1,0.00000,0,0,0,0,0,0,1,1,0,0.00000,0,,708.93427,202.93800,0,
0,test21,5526,37.02303,2269446382969,0.24349,0.51767,36.93011,0.09291,154,1,0.39246,0.76752,1,0.09635,0.38148,0,,0.16045,0.63113,17.99305,1.02918,1,0.40093,0.62371,12.62068,0.99168,1,0,0.00000,11,3.73645,1,3.20668,1,0.00000,0,0,0,0,0,0,1,1,0,0.00000,0,,532.62170,24.85115,0,
0,test21,5549,37.17720,2269447924652,-0.88344,5.08754,37.09001,0.08719,155,1,-0.77343,4.41087,1,0.09635,0.38148,0,,0.15944,0.62940,17.65789,3.91668,1,0.40135,0.62300,11.98904,3.54168,1,0,0.00000,11,4.11321,1,3.19855,1,0.00000,0,0,0,0,0,0,1,1,0,0.00000,0,,5388.91357,246.32736,0,
0,test21,5563,37.27101,2269448862703,0.39764,0.93344,37.24423,0.02678,156,1,0.39389,0.59107,1,0.09635,0.38148,0,,0.16183,0.62969,16.86100,1.41668,1,0.40384,0.62349,9.17787,1.41668,1,0,0.00000,11,3.90754,1,2.35723,1,0.00000,0,0,0,0,0,0,1,1,0,0.00000,0,,5116.44727,61.26635,0,
0,test21,5581,37.39146,2269450067335,0.41178,0.94738,37.29857,0.09290,157,1,0.47689,0.79920,1,0.09635,0.38148,0,,0.16244,0.63004,16.37882,1.41668,1,0.40482,0.62479,7.75072,1.41668,1,0,0.00000,11,3.71803,1,2.00384,1,0.00000,0,0,0,0,0,0,1,1,0,0.00000,0,,31.04383,330.98981,0,
0,test21,5769,38.65248,2269462677474,0.29974,0.62729,38.54442,0.10806,158,1,0.25963,0.71525,1,0.09635,0.38148,0,,0.15733,0.63311,9.07303,1.13335,0,0.47311,0.62706,14.64769,1.13335,1,0,0.00000,12,3.67828,0,3.29419,1,0.00000,0,0,0,0,0,0,1,1,0,0.00000,0,,407.16312,121.89275,0,
0,test21,5789,38.78482,2269464000895,0.27869,0.65631,38.65843,0.12639,159,1,0.27370,0.59911,1,0.09635,0.38148,0,,0.15733,0.63311,9.07303,1.13335,0,0.47396,0.63290,14.60288,1.13335,1,0,0.00000,12,3.67828,0,3.57601,1,0.00000,0,0,0,0,0,0,1,1,0,0.00000,0,,51.14436,217.79272,0,
0,test21,5808,38.91299,2269465282664,0.33459,0.65833,38.83188,0.08112,160,1,0.24827,0.92183,1,0.09635,0.38148,0,,0.22480,0.66894,8.20105,1.21430,1,0.46688,0.63849,15.37350,1.21430,1,0,0.00000,12,1.99338,1,3.27853,1,0.00000,0,0,0,0,0,0,1,1,0,0.00000,0,,107.35011,358.83554,0,
0,test21,5831,39.06621,2269466814799,0.30439,0.84813,38.99905,0.06715,161,1,0.25366,0.86720,0,0.09635,0.38148,0,,0.21142,0.66662,13.45940,1.21430,1,0.45506,0.64609,13.08115,1.21430,1,0,0.00000,12,3.35147,1,3.00190,1,0.00000,0,0,0,0,0,0,1,1,0,0.00000,0,,213.02719,254.20535,0,
0,test21,6121,41.00877,2269486240412,0.20548,0.24422,40.92300,0.08577,162,1,-0.10293,0.54456,1,0.09635,0.38148,0,,0.15083,0.64082,16.30973,1.93127,1,0.39364,0.63907,11.50833,2.35314,1,0,0.00000,13,4.29667,1,2.63837,1,0.00000,0,0,0,0,0,0,1,1,0,0.00000,0,,679.30798,106.23394,0,
0,test21,6146,41.17728,2269487925447,0.50644,-0.08032,41.15646,0.02081,163,1,0.39376,0.01922,1,0.09635,0.38148,0,,0.14999,0.64383,15.96646,0.67274,1,0.39311,0.64186,11.76172,1.08183,1,0,0.00000,13,4.01380,1,2.72863,1,0.00000,0,0,0,0,0,0,1,1,0,0.00000,0,,675.83667,31.23981,0,
0,test21,6212,41.61887,2269492341337,0.55605,-0.12209,41.42491,0.19395,164,1,0.44526,0.02532,1,0.09635,0.38148,0,,0.15238,0.65017,15.85215,0.64585,1,0.39658,0.64767,10.69835,0.97397,1,0,0.00000,13,3.68515,1,2.86878,1,0.00000,0,0,0,0,0,0,1,1,0,0.00000,0,,105.39379,25.34254,0,
0,test21,6226,41.71359,2269493288538,-0.18032,1.03861,41.68652,0.02707,165,1,-0.07430,0.84688,1,0.09635,0.38148,0,,0.15238,0.64870,15.57664,2.39585,1,0.39611,0.64646,9.27224,2.30210,1,0,0.00000,13,3.71038,1,2.86840,1,0.00000,0,0,0,0,0,0,1,1,0,0.00000,0,,1889.52869,221.56143,0,
0,test21,6243,41.82709,2269494423586,0.08489,0.66193,41.74051,0.08658,166,1,0.15281,0.52815,1,0.16146,0.25278,0,,0.15295,0.64477,16.19269,1.88890,1,0.39715,0.64188,12.30000,1.88890,1,0,0.00000,13,3.76950,1,2.94666,1,0.00000,0,0,0,0,0,0,1,1,0,0.00000,0,,651.75592,38.62218,0,
0,test21,6274,42.03517,2269496504340,0.35861,-0.03644,41.95436,0.08081,167,1,0.35716,-0.11567,1,0.50521,0.00000,0,,0.15856,0.62851,17.38801,1.08960,1,0.40307,0.62171,14.48917,1.08022,1,0,0.00000,13,3.77266,1,3.24910,1,0.00000,0,0,0,0,0,0,1,1,0,0.00000,0,,919.27814,55.13182,0,
0,test21,6328,42.39543,2269500106956,0.35144,-0.11799,42.04243,0.35300,168,1,0.36191,-0.03848,1,0.41823,0.03704,0,,0.15962,0.62454,16.96725,1.10627,1,0.40400,0.61758,13.38575,1.11564,1,0,0.00000,13,3.69007,1,2.99066,1,0.00000,0,0,0,0,0,0,1,1,0,0.00000,0,,89.14338,98.88371,0,
0,test21,6355,42.57796,2269501932226,0.35298,-0.08807,42.40373,0.17422,169,1,0.36280,-0.02341,1,0.41719,0.02315,0,,0.15954,0.62461,16.98519,1.07085,1,0.40431,0.61814,12.57686,1.07085,1,0,0.00000,13,3.75485,1,3.01399,1,0.00000,0,0,0,0,0,0,1,1,0,0.00000,0,,32.44859,275.22806,0,
0,test21,6447,43.19278,2269508080377,0.36834,-0.08941,42.58408,0.60870,170,1,0.37482,-0.01371,1,0.40521,0.01481,0,,0.16420,0.62776,17.74068,1.10731,1,0.40949,0.61990,13.98680,1.09793,1,0,0.00000,13,3.85329,1,2.93032,1,0.00000,0,0,0,0,0,0,1,1,0,0.00000,0,,29.52670,2.80937,0,
0,test21,6458,43.26628,2269508815468,0.37741,-0.05020,43.19922,0.06706,171,1,0.39601,0.01889,0,0.40521,0.01481,0,,0.16397,0.63016,12.95715,1.13335,0,0.40864,0.62088,10.95681,1.13335,0,0,0.00000,13,3.24516,0,2.44199,0,0.00000,0,0,0,0,0,0,1,1,0,0.00000,0,,45.78770,292.35413,0,
0,test21,6550,43.88301,2269514982799,0.30320,0.25567,43.75554,0.12747,172,1,0.36107,0.17632,1,0.40521,0.01481,0,,0.14804,0.64392,16.86281,1.08960,1,0.39305,0.63492,13.93707,1.08023,1,0,0.00000,14,3.80205,1,2.96946,1,0.00000,0,0,0,0,0,0,1,1,0,0.00000,0,,359.75787,246.66833,0,
0,test21,6587,44.13226,2269517475235,0.35852,0.19570,43.88936,0.24290,173,1,0.40337,0.17540,1,0.40521,0.01481,0,,0.14343,0.64677,16.18819,1.06252,1,0.38806,0.63780,13.11109,1.06252,1,0,0.00000,14,3.53917,1,2.83661,1,0.00000,0,0,0,0,0,0,1,1,0,0.00000,0,,124.40392,31.37410,0,
0,test21,6611,44.29129,2269519065598,0.40836,0.19961,44.13802,0.15327,174,1,0.53931,0.06540,1,0.40521,0.01481,0,,0.14562,0.64196,11.96310,1.06252,1,0.38841,0.63559,11.73344,1.06252,0,0,0.00000,14,3.20046,1,2.75132,0,0.00000,0,0,0,0,0,0,1,1,0,0.00000,0,,95.78594,357.47327,0,
0,test21,6631,44.42572,2269520409786,0.49946,0.16221,44.31943,0.10629,175,1,0.49520,0.42166,1,0.40521,0.01481,0,,0.14601,0.64602,15.69363,1.10627,1,0.39024,0.63753,12.08769,1.11564,1,0,0.00000,14,3.51837,1,2.52483,1,0.00000,0,0,0,0,0,0,1,1,0,0.00000,0,,179.51523,13.00323,0,
0,test21,6646,44.52611,2269521413746,0.48494,0.24625,44.43201,0.09410,176,1,0.47023,0.30104,1,0.40521,0.01481,0,,0.14651,0.64618,16.25426,1.16430,1,0.39097,0.63722,12.25346,1.15359,1,0,0.00000,14,3.58736,1,2.69706,1,0.00000,0,0,0,0,0,0,1,1,0,0.00000,0,,94.94823,252.92538,0,
0,test21,6672,44.70059,2269523158544,0.48469,0.29751,44.59383,0.10677,177,1,0.48651,0.26164,1,0.40521,0.01481,0,,0.14717,0.64465,16.26804,1.13335,1,0.39204,0.63660,12.26509,1.13335,1,0,0.00000,14,3.60605,1,2.65329,1,0.00000,0,0,0,0,0,0,1,1,0,0.00000,0,,55.36286,269.50327,0,
0,test21,6685,44.78743,2269524026953,0.49910,0.16973,44.70752,0.07991,178,1,0.45367,0.00322,1,0.40521,0.01481,0,,0.14669,0.64003,16.63542,1.06252,1,0.39204,0.63523,11.72088,1.06252,0,0,0.00000,14,3.46538,1,2.69002,0,0.00000,0,0,0,0,0,0,1,1,0,0.00000,0,,140.74847,78.66344,0,
0,test21,6692,44.83366,2269524489224,0.43708,0.21297,44.81564,0.01802,179,1,0.40778,0.22705,1,0.40521,0.01481,0,,0.14608,0.64034,17.00592,1.12398,1,0.39092,0.62881,12.75126,1.13335,1,0,0.00000,14,3.70633,1,3.03744,1,0.00000,0,0,0,0,0,0,1,1,0,0.00000,0,,127.90807,201.41371,0,
0,test21,6755,45.25595,2269528712185,0.36096,-0.02323,44.84053,0.41542,180,1,0.37694,-0.02591,1,0.40521,0.01481,0,,0.14634,0.64167,18.44308,1.06252,1,0.39061,0.62850,14.51415,1.06252,1,0,0.00000,14,3.93424,1,3.18416,1,0.00000,0,0,0,0,0,0,1,1,0,0.00000,0,,293.99643,119.80938,0,
0,test21,6775,45.38934,2269530046048,0.35040,0.01787,45.26279,0.12656,181,1,0.33270,0.09125,1,0.40521,0.01481,0,,0.14869,0.64412,18.21316,1.08752,1,0.39253,0.63139,15.25772,1.08752,1,0,0.00000,14,3.75943,1,3.32986,1,0.00000,0,0,0,0,0,0,1,1,0,0.00000,0,,48.79937,245.45039,0,
0,test21,6829,45.75235,2269533676124,0.33256,0.14020,45.39653,0.35582,182,1,0.34581,0.27394,1,0.42031,0.24630,0,,0.16142,0.63496,17.88100,1.18335,1,0.40693,0.62418,14.15011,1.19406,1,0,0.00000,14,4.01129,1,3.14099,1,0.00000,0,0,0,0,0,0,1,1,0,0.00000,0,,136.48442,255.46538,0,
0,test21,6850,45.89282,2269535080864,0.34566,0.30983,45.78041,0.11241,183,1,0.35004,0.33136,1,0.42031,0.24630,0,,0.16462,0.63670,17.99758,1.08960,1,0.40999,0.62712,14.20769,1.08023,1,0,0.00000,14,3.95712,1,3.16965,1,0.00000,0,0,0,0,0,0,1,1,0,0.00000,0,,184.91895,277.81738,0,
0,test21,6878,46.08008,2269536953490,0.34044,0.37787,45.91881,0.16127,184,1,0.43188,0.56370,1,0.42031,0.24630,0,,0.16841,0.63710,17.77421,1.13335,1,0.41361,0.62634,14.09225,1.13335,1,0,0.00000,14,3.74781,1,2.94316,1,0.00000,0,0,0,0,0,0,1,1,0,0.00000,0,,74.16348,262.23337,0,
0,test21,6905,46.26141,2269538766788,0.49203,0.58761,46.10645,0.15497,185,1,0.61582,0.75826,1,0.41354,0.68241,0,,0.17454,0.64047,18.12517,1.19421,1,0.41909,0.63256,8.01174,1.21430,1,0,0.00000,14,3.90758,1,2.58546,1,0.00000,0,0,0,0,0,0,1,1,0,0.00000,0,,368.81253,322.10724,0,
0,test21,6933,46.44810,2269540633644,0.58055,0.61571,46.26782,0.18028,186,1,0.58287,0.59383,1,0.41823,0.69630,0,,0.17303,0.63876,18.08839,1.06252,1,0.41841,0.62740,12.04030,1.06252,1,0,0.00000,14,3.77232,1,3.22491,1,0.00000,0,0,0,0,0,0,1,1,0,0.00000,0,,172.64665,349.87592,0,
0,test21,6947,46.54196,2269541572278,0.69167,0.52660,46.45581,0.08615,187,1,0.76798,0.53073,1,0.41823,0.69630,0,,0.17472,0.63666,18.07052,1.06252,1,0.41843,0.62742,11.33347,1.06252,0,0,0.00000,14,3.80570,1,3.22815,0,0.00000,0,0,0,0,0,0,1,1,0,0.00000,0,,234.05185,24.27934,0,
0,test21,6967,46.67706,2269542923299,0.74106,0.51627,46.54878,0.12828,188,1,0.77219,0.59017,1,0.41823,0.69630,0,,0.17429,0.63429,18.08220,1.06252,1,0.41944,0.62587,7.73268,1.06252,1,0,0.00000,14,3.87152,1,2.53338,1,0.00000,0,0,0,0,0,0,1,1,0,0.00000,0,,95.48286,6.70989,0,
0,test21,6981,46.76974,2269543850152,0.70872,0.61651,46.68320,0.08655,189,1,0.63362,0.73805,1,0.41823,0.69630,0,,0.17199,0.63709,18.57166,1.06252,1,0.41943,0.62615,7.14586,1.06252,0,0,0.00000,14,3.84332,1,2.66162,0,0.00000,0,0,0,0,0,0,1,1,0,0.00000,0,,124.80207,240.16328,0,
0,test21,7032,47.11136,2269547266245,0.60132,0.77357,46.79640,0.31496,190,1,0.56992,0.70808,1,0.43177,0.73333,0,,0.17750,0.64218,18.37210,1.06252,1,0.41826,0.63186,7.12394,1.06252,0,0,0.00000,14,3.83918,1,2.50366,0,0.00000,0,0,0,0,0,0,1,1,0,0.00000,0,,267.01001,219.44041,0,
0,test21,7045,47.19827,2269548135360,0.54351,0.58136,47.11891,0.07936,191,1,0.46077,0.39851,1,0.43281,0.77130,0,,0.17638,0.63879,16.09395,1.06252,1,0.42281,0.63330,11.46516,1.06252,0,0,0.00000,14,3.51725,1,2.57648,0,0.00000,0,0,0,0,0,0,1,1,0,0.00000,0,,235.39806,118.13310,0,
0,test21,7068,47.35262,2269549678833,0.48963,0.36566,47.22624,0.12637,192,1,0.50030,0.43611,1,0.42865,0.84259,0,,0.17664,0.63577,19.11526,1.08856,1,0.42201,0.62905,11.26891,1.09793,1,0,0.00000,14,3.91120,1,3.05264,1,0.00000,0,0,0,0,0,0,1,1,0,0.00000,0,,254.89272,113.94474,0,
0,test21,7088,47.48756,2269551028295,0.50626,0.43097,47.35971,0.12785,193,1,0.59821,0.65050,1,0.43385,0.84167,0,,0.18041,0.63761,18.57471,1.13335,1,0.42448,0.62939,14.17474,1.13335,1,0,0.00000,14,3.90604,1,3.05607,1,0.00000,0,0,0,0,0,0,1,1,0,0.00000,0,,77.42515,294.35522,0,
0,test21,7112,47.64761,2269552628826,0.55241,0.64302,47.51305,0.13457,194,1,0.50920,0.71640,1,0.62083,0.68889,0,,0.18838,0.63340,19.33311,1.13335,1,0.43360,0.62624,15.27218,1.13335,1,0,0.00000,14,4.00407,1,3.34033,1,0.00000,0,0,0,0,0,0,1,1,0,0.00000,0,,245.55807,291.15201,0,
0,test21,7134,47.79471,2269554099743,0.55919,0.65374,47.65416,0.14055,195,1,0.55421,0.71946,1,0.57812,0.64444,0,,0.18964,0.63525,18.20712,1.06252,1,0.43468,0.62846,11.33319,1.06252,1,0,0.00000,14,3.91947,1,3.05955,1,0.00000,0,0,0,0,0,0,1,1,0,0.00000,0,,17.42122,318.35059,0,
0,test21,7159,47.96284,2269555781133,0.58194,0.72573,47.80138,0.16147,196,1,0.57788,0.81992,1,0.56875,0.63704,0,,0.18746,0.63578,18.35682,1.06252,1,0.43222,0.62821,12.03189,1.06252,1,0,0.00000,14,3.83964,1,2.66717,1,0.00000,0,0,0,0,0,0,1,1,0,0.00000,0,,89.17896,299.32758,0,
0,test21,7199,48.23003,2269558452980,0.58873,0.77362,47.96883,0.26120,197,1,0.57840,0.65659,1,0.56875,0.63704,0,,0.18544,0.63695,17.70668,1.06252,1,0.43090,0.63113,8.38884,1.06252,0,0,0.00000,14,4.05925,1,3.10562,0,0.00000,0,0,0,0,0,0,1,1,0,0.00000,0,,53.33890,284.14716,0,
0,test21,7221,48.37732,2269559925881,0.57162,0.71947,48.23717,0.14015,198,1,0.58696,0.83155,1,0.56875,0.63704,0,,0.18254,0.63674,18.16932,1.13335,1,0.42922,0.62900,11.95503,1.13335,0,0,0.00000,13,3.90931,1,2.70216,0,0.00000,0,0,0,0,0,0,1,1,0,0.00000,0,,67.07710,119.32433,0,
0,test21,7237,48.48520,2269561004610,0.54514,0.66843,48.38391,0.10129,199,1,0.53434,0.62695,1,0.56875,0.63704,0,,0.18128,0.63703,18.53614,1.06252,1,0.42717,0.62968,12.43352,1.06252,0,0,0.00000,13,3.92015,1,2.60800,0,0.00000,0,0,0,0,0,0,1,1,0,0.00000,0,,74.98960,132.68610,0,
0,test21,7257,48.61838,2269562336455,0.53465,0.71284,48.51245,0.10593,200,1,0.53171,0.71515,1,0.56875,0.63704,0,,0.18142,0.63820,18.63254,1.06252,1,0.42678,0.63124,12.27539,1.06252,1,0,0.00000,13,3.79795,1,2.72608,1,0.00000,0,0,0,0,0,0,1,1,0,0.00000,0,,52.02008,247.22131,0,
0,test21,7281,48.77921,2269563944665,0.53574,0.65432,48.62553,0.15367,201,1,0.53361,0.54661,0,0.56875,0.63704,0,,0.18448,0.63865,6.79290,1.06252,1,0.42634,0.63128,10.57748,1.06252,0,0,0.00000,13,2.32845,1,2.93075,0,0.00000,0,0,0,0,0,0,1,1,0,0.00000,0,,63.23630,88.10348,0,
0,test21,7337,49.15446,2269567697349,0.30472,0.43033,49.04822,0.10625,202,1,0.32683,0.46503,0,0.56875,0.63704,0,,0.18448,0.63865,6.79290,1.06252,0,0.18086,0.63655,16.60826,1.06252,0,0,0.00000,14,2.32845,0,3.53292,0,0.00000,0,0,0,0,0,0,1,1,0,0.00000,0,,505.23669,151.39270,0,
0,test21,7349,49.23485,2269568501130,0.25111,0.34881,49.20157,0.03328,203,1,0.24871,0.35041,0,0.56875,0.63704,0,,0.18448,0.63865,6.79290,1.06252,0,0.18011,0.63523,15.68462,1.06252,0,0,0.00000,14,2.32845,0,3.36411,0,0.00000,0,0,0,0,0,0,1,1,0,0.00000,0,,135.44806,139.45818,0,
0,test21,7384,49.46979,2269570850558,0.44431,0.32002,49.28127,0.18852,204,1,0.38012,0.44087,1,0.39115,0.67963,0,,0.17988,0.63617,18.93901,1.06252,1,0.42540,0.63047,11.45130,1.06252,1,0,0.00000,14,3.93283,1,3.05778,1,0.00000,0,0,0,0,0,0,1,1,0,0.00000,0,,372.24487,4.79144,0,
0,test21,7421,49.71794,2269573332105,0.43901,0.33254,49.47781,0.24013,205,1,0.37584,0.29563,1,0.19948,0.60093,0,,0.17926,0.63501,19.08141,1.12502,1,0.42377,0.62829,13.83274,1.11564,1,0,0.00000,14,3.96862,1,2.90257,1,0.00000,0,0,0,0,0,0,1,1,0,0.00000,0,,16.92295,233.03586,0,
0,test21,7445,49.87813,2269574933885,0.41060,0.31308,49.72495,0.15318,206,1,0.42034,0.22746,1,0.19948,0.60093,0,,0.17739,0.63648,19.59230,1.12502,1,0.42183,0.62952,13.43573,1.11564,1,0,0.00000,14,4.07107,1,3.15425,1,0.00000,0,0,0,0,0,0,1,1,0,0.00000,0,,58.45598,158.92851,0,
0,test21,7462,49.99310,2269576083672,0.37790,0.44335,49.90453,0.08858,207,1,0.32282,0.57698,1,0.19948,0.60093,0,,0.17475,0.63925,18.81778,1.10627,1,0.41912,0.63156,16.47075,1.11564,1,0,0.00000,14,3.95751,1,3.38545,1,0.00000,0,0,0,0,0,0,1,1,0,0.00000,0,,154.06477,245.95105,0,
0,test21,7484,50.13998,2269577552548,0.33430,0.48480,49.99878,0.14120,208,1,0.30819,0.47715,1,0.19948,0.60093,0,,0.17368,0.63860,18.60118,1.06252,1,0.41809,0.63037,16.18971,1.06252,1,0,0.00000,14,4.10519,1,3.38197,1,0.00000,0,0,0,0,0,0,1,1,0,0.00000,0,,94.92992,208.13618,0,
0,test21,7504,50.27299,2269578882564,0.34138,0.42491,50.16599,0.10701,209,1,0.34691,0.46311,1,0.19948,0.60093,0,,0.17312,0.63774,19.48087,1.06252,1,0.41745,0.62976,15.73525,1.06252,1,0,0.00000,14,4.13266,1,3.50022,1,0.00000,0,0,0,0,0,0,1,1,0,0.00000,0,,66.09418,78.13129,0,
0,test21,7520,50.38033,2269579955914,0.32432,0.44233,50.27959,0.10074,210,1,0.27651,0.37284,1,0.19948,0.60093,0,,0.17216,0.63879,19.48893,1.06252,1,0.41644,0.63075,16.13290,1.06252,1,0,0.00000,14,4.04040,1,3.31246,1,0.00000,0,0,0,0,0,0,1,1,0,0.00000,0,,37.77372,209.87178,0,
0,test21,7603,50.93626,2269585515305,0.25682,0.44565,50.38699,0.54927,211,1,0.26567,0.40207,1,0.32135,0.42222,0,,0.17141,0.64116,18.83327,1.13335,1,0.41586,0.63449,16.24644,1.13335,1,0,0.00000,14,4.03388,1,3.42126,1,0.00000,0,0,0,0,0,0,1,1,0,0.00000,0,,129.64960,181.58478,0,
0,test21,7622,51.06383,2269586790963,0.25925,0.46755,50.94298,0.12085,212,1,0.29530,0.52622,1,0.32135,0.42222,0,,0.17166,0.64320,18.80140,1.13335,1,0.41579,0.63650,15.98245,1.13335,1,0,0.00000,14,4.04903,1,3.48162,1,0.00000,0,0,0,0,0,0,1,1,0,0.00000,0,,24.10778,281.15887,0,
0,test21,7652,51.26523,2269588804963,0.29652,0.50211,51.07050,0.19473,213,1,0.23160,0.55082,1,0.32135,0.42222,0,,0.17121,0.64325,18.27534,1.12502,1,0.41544,0.63645,16.41994,1.11564,1,0,0.00000,14,4.05671,1,3.49670,1,0.00000,0,0,0,0,0,0,1,1,0,0.00000,0,,80.70776,332.45349,0,
0,test21,7679,51.44533,2269590605998,0.29407,0.39965,51.27159,0.17374,214,1,0.23052,0.48861,1,0.32135,0.42222,0,,0.17115,0.64281,19.18232,1.06252,1,0.41499,0.63545,16.01060,1.06252,1,0,0.00000,14,4.08637,1,3.67488,1,0.00000,0,0,0,0,0,0,1,1,0,0.00000,0,,110.75673,92.43416,0,
0,test21,7698,51.57300,2269591882688,0.32114,0.41535,51.45210,0.12090,215,1,0.42834,0.48222,1,0.32135,0.42222,0,,0.17252,0.64354,19.64991,1.06252,1,0.41646,0.63669,16.67134,1.06252,1,0,0.00000,14,3.98968,1,3.63934,1,0.00000,0,0,0,0,0,0,1,1,0,0.00000,0,,54.67035,341.93173,0,
0,test21,7715,51.68678,2269593020430,0.39812,0.46477,51.57925,0.10753,216,1,0.34192,0.56163,1,0.32135,0.42222,0,,0.17417,0.64121,18.98873,1.06252,1,0.41847,0.63402,17.17368,1.06252,1,0,0.00000,14,4.12972,1,3.65223,1,0.00000,0,0,0,0,0,0,1,1,0,0.00000,0,,157.14339,340.14450,0,
0,test21,7731,51.79407,2269594093290,0.40083,0.45160,51.69319,0.10088,217,1,0.36953,0.44462,1,0.32135,0.42222,0,,0.17483,0.63837,19.68076,1.00002,1,0.41886,0.63138,17.03935,1.00002,1,0,0.00000,14,4.06946,1,3.72025,1,0.00000,0,0,0,0,0,0,1,1,0,0.00000,0,,15.14545,69.90659,0,
0,test21,7748,51.90833,2269595235850,0.37864,0.50649,51.80133,0.10699,218,1,0.37999,0.55127,1,0.32135,0.42222,0,,0.17508,0.63947,19.04720,1.07189,1,0.41940,0.63214,17.42926,1.06252,1,0,0.00000,14,4.06208,1,3.68888,1,0.00000,0,0,0,0,0,0,1,1,0,0.00000,0,,73.00299,234.29553,0,
0,test21,7768,52.04257,2269596578328,0.34968,0.43290,51.91612,0.12645,219,1,0.38391,0.35950,1,0.32135,0.42222,0,,0.17647,0.64153,18.57497,1.06252,1,0.42027,0.63477,17.00224,1.06252,1,0,0.00000,14,4.10732,1,3.71109,1,0.00000,0,0,0,0,0,0,1,1,0,0.00000,0,,96.99657,124.97707,0,
0,test21,7792,52.20250,2269598177648,0.32403,0.41833,52.04817,0.15433,220,1,0.33203,0.33898,1,0.32135,0.42222,0,,0.17756,0.63972,19.16287,1.06252,1,0.42192,0.63324,16.97992,1.06252,1,0,0.00000,14,4.15905,1,3.73005,1,0.00000,0,0,0,0,0,0,1,1,0,0.00000,0,,51.70080,162.28041,0,
0,test21,7807,52.30270,2269599179690,0.30577,0.44498,52.20897,0.09373,221,1,0.29320,0.44543,1,0.32135,0.42222,0,,0.17651,0.64107,18.86685,1.13335,1,0.42086,0.63399,17.21028,1.13335,1,0,0.00000,14,4.16381,1,3.68677,1,0.00000,0,0,0,0,0,0,1,1,0,0.00000,0,,45.36023,219.38441,0,
0,test21,7834,52.48450,2269600997569,0.28740,0.43335,52.30946,0.17503,222,1,0.27525,0.39097,1,0.32135,0.42222,0,,0.17829,0.64041,20.05543,1.13335,1,0.42258,0.63397,17.37895,1.13335,1,0,0.00000,14,4.13145,1,3.77412,1,0.00000,0,0,0,0,0,0,1,1,0,0.00000,0,,37.44019,160.39833,0,
0,test21,7853,52.61096,2269602262353,0.28360,0.46893,52.49124,0.11972,223,1,0.26898,0.66462,1,0.32135,0.42222,0,,0.17878,0.64159,18.36699,1.13335,1,0.42320,0.63411,17.75973,1.13335,1,0,0.00000,14,4.24992,1,3.86396,1,0.00000,0,0,0,0,0,0,1,1,0,0.00000,0,,39.11290,259.24930,0,
0,test21,7874,52.75162,2269603668808,0.33229,0.46845,52.61848,0.13313,224,1,0.36396,0.45945,1,0.32135,0.42222,0,,0.17854,0.64429,18.41000,1.13335,1,0.42298,0.63669,18.26408,1.13335,1,0,0.00000,14,4.24464,1,3.82194,1,0.00000,0,0,0,0,0,0,1,1,0,0.00000,0,,93.48618,0.31770,0,
0,test21,7890,52.85880,2269604740540,0.33999,0.49648,52.75836,0.10043,225,1,0.33831,0.56855,1,0.32135,0.42222,0,,0.17774,0.64535,18.26958,1.13335,1,0.42235,0.63769,18.43012,1.13335,1,0,0.00000,14,4.31217,1,3.76677,1,0.00000,0,0,0,0,0,0,1,1,0,0.00000,0,,33.68948,296.02933,0,
0,test21,7909,52.98701,2269606022849,0.37352,0.50862,52.86597,0.12105,226,1,0.35758,0.53858,1,0.32135,0.42222,0,,0.17686,0.64635,18.35154,1.13335,1,0.42125,0.63857,18.17465,1.13335,1,0,0.00000,14,4.18069,1,3.76731,1,0.00000,0,0,0,0,0,0,1,1,0,0.00000,0,,65.69919,348.48846,0,
0,test21,7932,53.14037,2269607556282,0.37307,0.49538,52.99387,0.14650,227,1,0.41894,0.34912,1,0.20573,0.55926,0,,0.17561,0.64573,19.10800,1.00002,1,0.42013,0.63800,17.77833,1.00002,1,0,0.00000,14,4.08728,1,3.70756,1,0.00000,0,0,0,0,0,0,1,1,0,0.00000,0,,14.32527,93.45759,0,
0,test21,7951,53.26733,2269608825977,0.41016,0.43940,53.14711,0.12022,228,1,0.40247,0.50043,1,0.12240,0.66204,0,,0.17615,0.64867,19.07593,1.06252,1,0.42032,0.64120,17.60973,1.06252,1,0,0.00000,14,4.01222,1,3.64049,1,0.00000,0,0,0,0,0,0,1,1,0,0.00000,0,,93.41566,40.33071,0,
0,test21,7986,53.50185,2269611171104,0.39020,0.52472,53.27527,0.22658,229,1,0.30758,0.66953,1,0.12240,0.66204,0,,0.17572,0.64866,18.83136,1.06252,1,0.42010,0.64139,16.43684,1.06252,1,0,0.00000,14,4.10737,1,3.67889,1,0.00000,0,0,0,0,0,0,1,1,0,0.00000,0,,99.79726,247.41765,0,
0,test21,8002,53.60957,2269612248454,0.35133,0.47535,53.50850,0.10107,230,1,0.35511,0.45490,1,0.12240,0.66204,0,,0.17636,0.64839,18.52094,1.06252,1,0.42077,0.64128,16.38734,1.06252,1,0,0.00000,14,4.04638,1,3.57406,1,0.00000,0,0,0,0,0,0,1,1,0,0.00000,0,,91.72059,144.45609,0,
0,test21,8021,53.73633,2269613515935,0.40771,0.41477,53.61574,0.12059,231,1,0.56685,0.38037,0,0.12240,0.66204,0,,0.18283,0.64946,10.61125,1.06252,0,0.42524,0.63992,13.65145,1.06252,0,0,0.00000,14,3.28716,0,2.86381,0,0.00000,0,0,0,0,0,0,1,1,0,0.00000,0,,126.48546,31.14891,0,
0,test21,8071,54.07129,2269616865564,0.33945,0.58052,53.96408,0.10721,232,1,0.29109,0.69709,1,0.12240,0.66204,0,,0.17555,0.64725,19.12353,1.13335,1,0.41967,0.63972,16.56700,1.13335,1,0,0.00000,15,3.99893,1,3.66499,1,0.00000,0,0,0,0,0,0,1,1,0,0.00000,0,,221.85820,233.79091,0,
0,test21,8095,54.23192,2269618471908,0.31692,0.62945,54.09888,0.13304,233,1,0.28608,0.60189,1,0.12240,0.66204,0,,0.17482,0.64803,19.15459,1.13335,1,0.41921,0.63999,17.18950,1.13335,1,0,0.00000,15,4.10553,1,3.63201,1,0.00000,0,0,0,0,0,0,1,1,0,0.00000,0,,68.29170,230.69684,0,
0,test21,8109,54.32571,2269619409827,0.28658,0.62949,54.23849,0.08722,234,1,0.18369,0.62557,0,0.12240,0.66204,0,,0.17570,0.64801,18.92934,1.13335,1,0.42005,0.64040,16.20682,1.13335,1,0,0.00000,15,4.16926,1,3.62330,1,0.00000,0,0,0,0,0,0,1,1,0,0.00000,0,,58.25288,180.04250,0,
0,test21,8149,54.59380,2269622090552,0.31673,0.66853,54.45343,0.14037,235,1,0.36232,0.63876,1,0.12240,0.66204,0,,0.17588,0.64996,18.44804,1.06252,1,0.42019,0.64258,15.39565,1.06252,1,0,0.00000,15,4.02154,1,3.58949,1,0.00000,0,0,0,0,0,0,1,1,0,0.00000,0,,71.61530,323.93201,0,
0,test21,8175,54.76868,2269623839429,0.32189,0.57752,54.60052,0.16815,236,1,0.35577,0.50658,1,0.12240,0.66204,0,,0.17599,0.64991,19.15321,1.06252,1,0.42045,0.64326,15.75039,1.06252,1,0,0.00000,15,3.98166,1,3.43837,1,0.00000,0,0,0,0,0,0,1,1,0,0.00000,0,,98.78881,84.24430,0,
0,test21,8192,54.88251,2269624977796,0.29002,0.59081,54.77441,0.10809,237,1,0.22761,0.71357,1,0.12240,0.66204,0,,0.17610,0.64902,18.31382,1.21430,1,0.42035,0.64184,14.90479,1.21430,1,0,0.00000,15,3.92696,1,3.41819,1,0.00000,0,0,0,0,0,0,1,1,0,0.00000,0,,62.85128,193.20099,0,
0,test21,8212,55.01575,2269626310093,0.23226,0.68554,54.88927,0.12648,238,1,0.17580,0.75394,1,0.12240,0.66204,0,,0.17529,0.64889,18.27084,1.21430,1,0.41934,0.64182,14.30991,1.21430,1,0,0.00000,15,3.81473,1,3.31574,1,0.00000,0,0,0,0,0,0,1,1,0,0.00000,0,,150.88286,222.69264,0,
0,test21,8233,55.15642,2269627716823,0.19168,0.73286,55.06306,0.09335,239,1,0.16293,0.75704,1,0.12240,0.66204,0,,0.17512,0.64866,18.58467,1.21430,1,0.41953,0.64147,14.73121,1.21430,1,0,0.00000,15,3.87590,1,3.36153,1,0.00000,0,0,0,0,0,0,1,1,0,0.00000,0,,93.17892,213.26192,0,
0,test21,8260,55.33727,2269629525361,0.16412,0.71531,55.24429,0.09297,240,1,0.21883,0.60779,1,0.12240,0.66204,0,,0.17495,0.64881,18.69108,1.21430,1,0.41929,0.64226,14.18810,1.21430,1,0,0.00000,15,3.95875,1,3.29932,1,0.00000,0,0,0,0,0,0,1,1,0,0.00000,0,,56.20741,160.29265,0,
0,test21,8288,55.52650,2269631417753,0.22154,0.64792,55.34395,0.18256,241,1,0.39047,0.69541,1,0.12240,0.66204,0,,0.17869,0.65143,18.64501,1.20478,1,0.42209,0.64442,14.32729,1.19406,1,0,0.00000,15,4.02882,1,3.40092,1,0.00000,0,0,0,0,0,0,1,1,0,0.00000,0,,132.10364,33.43153,0,
0,test21,8323,55.76045,2269633757226,0.42360,0.86254,55.57294,0.18752,242,1,0.35229,0.75735,1,0.12240,0.66204,0,,0.19666,0.65340,17.61698,1.06252,1,0.44148,0.63753,17.01831,1.06252,1,0,0.00000,15,4.22872,1,3.62175,1,0.00000,0,0,0,0,0,0,1,1,0,0.00000,0,,451.92435,329.14316,0,
0,test21,8358,55.99397,2269636092371,0.36546,0.62462,55.78645,0.20752,243,1,0.34457,0.77059,1,0.12240,0.66204,0,,0.19874,0.64899,17.39686,1.13335,1,0.44347,0.63119,15.87038,1.13335,1,0,0.00000,15,4.01769,1,3.50917,1,0.00000,0,0,0,0,0,0,1,1,0,0.00000,0,,280.15375,113.48164,0,
0,test21,8378,56.12752,2269637427843,0.34028,0.59630,56.00044,0.12708,244,1,0.36749,0.33947,0,0.12240,0.66204,0,,0.19324,0.64360,11.83420,1.00002,0,0.43618,0.63295,10.64914,1.00002,0,0,0.00000,15,2.71316,0,3.27006,0,0.00000,0,0,0,0,0,0,1,1,0,0.00000,0,,57.20820,147.68077,0,
0,test21,8437,56.52304,2269641383051,0.60095,0.14265,56.35815,0.16489,245,1,0.57225,0.09514,1,0.12240,0.66204,0,,0.20961,0.62993,18.98845,1.06252,1,0.45460,0.61618,15.41225,1.06252,1,0,0.00000,16,4.12246,1,3.34711,1,0.00000,0,0,0,0,0,0,1,1,0,0.00000,0,,700.37836,44.39004,0,
0,test21,8453,56.63097,2269642462395,0.63323,0.14602,56.52946,0.10150,246,1,0.67770,0.14757,1,0.12240,0.66204,0,,0.21208,0.62626,20.15655,1.08261,1,0.45690,0.61336,15.50332,1.06252,1,0,0.00000,16,4.17086,1,3.38722,1,0.00000,0,0,0,0,0,0,1,1,0,0.00000,0,,62.08432,356.63919,0,
0,test21,8483,56.83228,2269644475451,0.69214,0.14351,56.63820,0.19408,247,1,0.71079,0.14370,1,0.45260,0.20000,0,,0.21011,0.62494,19.41917,1.13335,1,0.45413,0.61102,16.55086,1.13335,1,0,0.00000,16,4.15133,1,3.45943,1,0.00000,0,0,0,0,0,0,1,1,0,0.00000,0,,113.13979,1.37292,0,
0,test21,8551,57.28661,2269649018730,0.72707,0.15775,56.83873,0.44788,248,1,0.77528,0.29033,1,0.74531,0.18241,0,,0.20622,0.62580,20.40814,1.06252,1,0.45044,0.61230,16.39288,1.06252,1,0,0.00000,16,4.23735,1,3.40625,1,0.00000,0,0,0,0,0,0,1,1,0,0.00000,0,,68.80630,347.08447,0,
0,test21,8590,57.54814,2269651634078,0.73277,0.17041,57.29330,0.25484,249,1,0.76785,0.20980,1,0.73438,0.17130,0,,0.20708,0.62597,21.04468,1.06252,1,0.45114,0.61304,16.25653,1.06252,1,0,0.00000,16,4.34358,1,3.49968,1,0.00000,0,0,0,0,0,0,1,1,0,0.00000,0,,17.51339,308.67474,0,
0,test21,8612,57.69629,2269653115487,0.74218,0.20361,57.55489,0.14140,250,1,0.70764,0.12891,1,0.73438,0.17130,0,,0.20749,0.62621,21.18575,1.06252,1,0.45182,0.61340,16.58441,1.06252,1,0,0.00000,16,4.43913,1,3.50538,1,0.00000,0,0,0,0,0,0,1,1,0,0.00000,0,,40.15065,296.74265,0,
0,test21,8711,58.35980,2269659750746,0.73808,0.18196,57.70378,0.65602,251,1,0.75755,0.22639,1,0.71719,0.18333,0,,0.20149,0.62823,21.66578,1.21430,1,0.44596,0.61541,17.59737,1.21430,1,0,0.00000,16,4.43932,1,3.58097,1,0.00000,0,0,0,0,0,0,1,1,0,0.00000,0,,24.67156,108.60667,0,
0,test21,8741,58.56059,2269661758574,0.72646,0.21055,58.36491,0.19568,252,1,0.54688,0.27512,1,0.23333,0.46852,0,,0.19667,0.62873,20.34412,1.10002,1,0.44181,0.61968,16.23021,1.09064,1,0,0.00000,16,4.41586,1,3.85995,1,0.00000,0,0,0,0,0,0,1,1,0,0.00000,0,,38.09405,234.14987,0,
0,test21,8785,58.85394,2269664692032,0.44413,0.41182,58.58685,0.26709,253,1,0.45279,0.49778,1,0.23333,0.46852,0,,0.18651,0.63314,20.29916,1.13335,1,0.43147,0.62504,17.98682,1.13335,1,0,0.00000,16,4.28214,1,3.71792,1,0.00000,0,0,0,0,0,0,1,1,0,0.00000,0,,584.03271,201.85078,0,
0,test21,8808,59.00815,2269666234212,0.41798,0.47745,58.86057,0.14758,254,1,0.41545,0.56720,1,0.23333,0.46852,0,,0.18309,0.63502,18.84505,1.18454,1,0.42761,0.62609,17.04645,1.17383,1,0,0.00000,16,4.44779,1,3.70041,1,0.00000,0,0,0,0,0,0,1,1,0,0.00000,0,,86.86127,234.68819,0,
0,test21,8836,59.19553,2269668107927,0.42044,0.54917,59.01488,0.18065,255,1,0.43554,0.71101,1,0.12135,0.57593,0,,0.18069,0.63730,18.21881,1.13335,1,0.42527,0.62833,16.73184,1.13335,1,0,0.00000,16,4.18350,1,3.71004,1,0.00000,0,0,0,0,0,0,1,1,0,0.00000,0,,77.60151,273.48944,0,
0,test21,8879,59.48358,2269670988463,0.44403,0.68128,59.24248,0.24110,256,1,0.42648,0.70901,1,0.10208,0.59907,0,,0.18353,0.64027,17.96778,1.13335,1,0.42753,0.63077,16.71653,1.13335,1,0,0.00000,16,4.14769,1,3.71296,1,0.00000,0,0,0,0,0,0,1,1,0,0.00000,0,,149.69527,287.61185,0,
0,test21,8893,59.57837,2269671936423,0.45091,0.72275,59.49042,0.08795,257,1,0.47939,0.89316,1,0.10208,0.59907,0,,0.18513,0.64181,17.76223,1.13335,1,0.42983,0.63246,17.01168,1.13335,1,0,0.00000,16,4.18345,1,3.58289,1,0.00000,0,0,0,0,0,0,1,1,0,0.00000,0,,46.69499,286.43283,0,
0,test21,8908,59.67874,2269672940121,0.41510,0.83285,59.58572,0.09302,258,1,0.45341,0.97878,1,0.10208,0.59907,0,,0.18546,0.64542,19.56612,1.13335,1,0.43007,0.63673,17.62243,1.13335,1,0,0.00000,16,4.23501,1,3.64103,1,0.00000,0,0,0,0,0,0,1,1,0,0.00000,0,,137.35493,239.96255,0,
0,test21,8934,59.85284,2269674681121,0.42231,0.81180,59.68500,0.16785,259,1,0.46499,0.82118,1,0.10208,0.59907,0,,0.18547,0.64401,19.57643,1.13335,1,0.43019,0.63530,17.17639,1.13335,1,0,0.00000,15,4.22347,1,3.73720,1,0.00000,0,0,0,0,0,0,1,1,0,0.00000,0,,26.61704,58.66185,0,
0,test21,8953,59.97952,2269675947889,0.33263,0.65985,59.87947,0.10005,260,1,0.30397,0.59604,1,0.10208,0.59907,0,,0.18384,0.64347,19.05056,1.13335,1,0.42830,0.63439,16.82171,1.13335,1,0,0.00000,15,4.09820,1,3.65647,1,0.00000,0,0,0,0,0,0,1,1,0,0.00000,0,,237.86270,136.37630,0,
0,test21,8970,60.09335,2269677086174,0.36076,0.65936,60.00626,0.08710,261,1,0.40864,0.70455,1,0.10208,0.59907,0,,0.18465,0.64593,20.18111,1.06252,1,0.42841,0.63689,17.59706,1.06252,1,0,0.00000,15,4.21387,1,3.74955,1,0.00000,0,0,0,0,0,0,1,1,0,0.00000,0,,54.01217,0.56142,0,
0,test21,9025,60.46170,2269680769663,0.40838,0.68164,60.10040,0.36130,262,1,0.40677,0.62532,1,0.10208,0.59907,0,,0.18114,0.64650,20.63462,1.06252,1,0.42528,0.63680,18.75027,1.06252,1,0,0.00000,15,4.24289,1,3.86276,1,0.00000,0,0,0,0,0,0,1,1,0,0.00000,0,,94.54376,345.25537,0,
0,test21,9062,60.71001,2269683252750,0.39789,0.62108,60.46844,0.24156,263,1,0.38906,0.57764,1,0.10208,0.59907,0,,0.17993,0.64698,20.50918,1.06252,1,0.42371,0.63689,17.94409,1.06252,1,0,0.00000,15,4.21008,1,3.90251,1,0.00000,0,0,0,0,0,0,1,1,0,0.00000,0,,68.43571,107.11572,0,
0,test21,9086,60.87070,2269684859638,0.38590,0.53735,60.71672,0.15398,264,1,0.35172,0.77270,1,0.10208,0.59907,0,,0.18016,0.64902,20.69934,1.06252,1,0.42334,0.63913,18.99037,1.06252,1,0,0.00000,15,4.34647,1,3.90696,1,0.00000,0,0,0,0,0,0,1,1,0,0.00000,0,,93.31261,104.28269,0,
0,test21,9133,61.18521,2269688004695,0.35735,0.80779,60.89740,0.28781,265,1,0.29522,1.05521,1,0.10208,0.59907,0,,0.18027,0.65296,20.68385,1.06252,1,0.42368,0.64336,19.81474,1.06252,1,0,0.00000,15,4.43391,1,4.15836,1,0.00000,0,0,0,0,0,0,1,1,0,0.00000,0,,297.17456,259.37051,0,
0,test21,9173,61.45354,2269690687969,0.31486,1.01096,61.21190,0.24164,266,1,0.33104,0.93082,1,0.10208,0.59907,0,,0.18295,0.65475,20.52117,1.06252,1,0.42676,0.64530,18.17129,1.06252,1,0,0.00000,15,4.32872,1,4.01169,1,0.00000,0,0,0,0,0,0,1,1,0,0.00000,0,,234.09857,249.60507,0,
0,test21,9187,61.54843,2269691636984,0.40587,0.91589,61.45992,0.08852,267,1,0.43054,0.85228,1,0.10208,0.59907,0,,0.18226,0.65574,19.25783,1.06252,1,0.42647,0.64601,18.37096,1.06252,1,0,0.00000,15,4.28209,1,3.90144,1,0.00000,0,0,0,0,0,0,1,1,0,0.00000,0,,202.67232,30.43821,0,
0,test21,9423,63.12938,2269707446445,0.37321,0.41170,63.02061,0.10876,268,1,0.35824,0.45193,1,0.22448,0.97778,0,,0.19152,0.64202,20.28750,1.13335,1,0.43589,0.63290,18.82488,1.13335,1,0,0.00000,14,4.50309,1,4.15946,1,0.00000,0,0,0,0,0,0,1,1,0,0.00000,0,,548.12390,96.56921,0,
0,test21,9447,63.28862,2269709038807,0.38974,0.39766,63.13443,0.15419,269,1,0.43720,0.39461,1,0.22448,0.97778,0,,0.19221,0.64048,21.21327,1.08856,1,0.43628,0.63215,16.54393,1.09793,1,0,0.00000,14,4.39390,1,3.72858,1,0.00000,0,0,0,0,0,0,1,1,0,0.00000,0,,35.17379,25.53706,0,
0,test21,9478,63.49614,2269711114005,0.42971,0.34028,63.29669,0.19945,270,1,0.40959,0.20710,1,0.22448,0.97778,0,,0.18891,0.63829,18.54548,1.13335,1,0.43287,0.62946,15.12362,1.13335,1,0,0.00000,14,4.22976,1,3.14324,1,0.00000,0,0,0,0,0,0,1,1,0,0.00000,0,,98.63938,38.92126,0,
0,test21,9519,63.77245,2269713877138,0.38812,0.04408,63.52361,0.24884,271,1,0.37936,-0.02154,1,0.33802,0.39167,0,,0.20588,0.62713,16.46796,1.09064,1,0.44901,0.61115,14.60033,1.08127,1,0,0.00000,14,3.60201,1,3.17744,1,0.00000,0,0,0,0,0,0,1,1,0,0.00000,0,,329.71188,104.01582,0,
0,test21,9550,63.98012,2269715953764,0.36234,-0.01228,63.77867,0.20145,272,1,0.39079,-0.03573,1,0.33802,0.39167,0,,0.20954,0.63590,13.20405,1.11460,1,0.45189,0.61947,13.61203,1.10523,1,0,0.00000,14,3.63026,1,2.92792,1,0.00000,0,0,0,0,0,0,1,1,0,0.00000,0,,78.45393,129.11746,0,
0,test21,9575,64.14745,2269717627145,0.36776,-0.03612,63.98720,0.16025,273,1,0.28139,0.01691,1,0.37865,0.16852,0,,0.21116,0.63821,9.79417,1.20478,0,0.45264,0.62234,13.97894,1.19407,1,0,0.00000,14,3.57854,0,2.88280,1,0.00000,0,0,0,0,0,0,1,1,0,0.00000,0,,27.77069,67.99268,0,
0,test21,9590,64.24814,2269718634064,0.36443,-0.04956,64.15353,0.09460,274,1,0.39605,-0.01754,1,0.37865,0.16852,0,,0.21009,0.63871,9.07483,1.13335,1,0.45114,0.62391,14.19224,1.13335,1,0,0.00000,14,3.15833,1,2.94806,1,0.00000,0,0,0,0,0,0,1,1,0,0.00000,0,,15.86091,113.77220,0,
0,test21,9625,64.48245,2269720977181,0.40879,-0.04363,64.25471,0.22774,275,1,0.35864,-0.04809,1,0.37396,0.11111,0,,0.20654,0.64047,15.03908,1.11460,1,0.44963,0.62628,14.93091,1.12398,1,0,0.00000,14,3.65539,1,3.15102,1,0.00000,0,0,0,0,0,0,1,1,0,0.00000,0,,85.41159,355.69977,0,
0,test21,9641,64.58884,2269722041021,0.36404,-0.03849,64.48787,0.10097,276,1,0.32806,-0.05492,1,0.37396,0.10741,0,,0.20568,0.63165,17.19543,1.10002,1,0.44952,0.62119,15.26635,1.09064,1,0,0.00000,14,3.86731,1,3.28775,1,0.00000,0,0,0,0,0,0,1,1,0,0.00000,0,,86.09913,183.69667,0,